unique_customer_identifier,datevalue,contract_status,contract_dd_cancels,dd_cancel_60_day,ooc_days,technology,speed,line_speed,sales_channel,crm_package_name,tenure_days
f4c7dda5d44935343074ed8b127608a13bcef4144452fa622ce2d46463c6da7e,2022-10-01,03 Soon to be OOC,0,0,-48,GFAST,150,159.87821875,Online - Affiliate,Fibre 150 (GFast-OR),808
095d5f0adc982fee764c35bb8f6752af4d432296c3a504fe159e7221758c9a93,2023-07-01,02 In Contract,0,0,-236,FTTC,35,39.999,Online - Search,Fibre 35 (FTTC-OR),312
860b8b97a66b474c7fe9a761ab79e33131aa628e6d953cda2629957b1ebe5b37,2024-02-01,01 Early Contract,0,0,-688,FTTC,65,39.999,Unknown,Fibre 65 (FTTC-OR),4585
c0d55e7207c5bb2dd46f229e97401372073249d8db6bb6c1d2e54092adad77a9,2023-03-01,02 In Contract,0,0,-204,FTTC,65,79.998,Partners,Fibre 65 (FTTC-OR),886
ca0287834bcfb91017d8a43edaed26498daa4ca061bf29d897073e3eb751e171,2022-09-01,02 In Contract,0,0,-278,FTTC,65,61.78622265625,Online - Search,Fibre 65 (FTTC-OR),701
0b9177d8570746e7f3c6f5a70a312fd2108d236caacc25c365a82fc6fe2b7b06,2023-06-01,02 In Contract,0,0,-246,FTTC,65,54.161,Online - Affiliate,Fibre 65 (FTTC-OR),819
e1e81a5cc9d06bed409119e9ecef243c56315d5271a97ce36fc22149d37a0acf,2023-01-01,06 OOC,0,0,549,FTTC,40,39.996,Unknown,Faster Fibre,1095
c509aad6caea2efa86075c5b8c4888d77ca0f6fcd30f94a375684d654a3adce4,2023-05-01,06 OOC,0,0,291,MPF,18,0.0,Migrated Customer,Fast Broadband,5893
f4d467c6ec8f49892a41fd3e0b5fae1e395603e5c5c2be7b25f081000a48b482,2023-10-01,06 OOC,0,0,3655,FTTC,35,29.78,Migrated Customer,Fibre 35 (FTTC-OR),5079
0f8f757ae2c733fb28a0fd99e3b762125810c0ce3b8e7f416708513b353741fe,2023-04-01,06 OOC,0,0,1047,FTTC,40,39.968,Migrated Customer,Faster Fibre,5904
40eb4c21a3ec2c02572246f560410411a95488c6f701630bbc3e37b3cc2b6564,2024-05-01,06 OOC,0,0,226,FTTC,65,79.998,Unknown,Fibre 65 (FTTC-OR),4800
4d994624c7349bd4d9fb2016cb35ac14d50ee8595fb73dc7d7400f2fd5714f9e,2022-09-01,06 OOC,0,0,934,FTTC,40,34.999,Migrated Customer,Faster Fibre,5320
4d994624c7349bd4d9fb2016cb35ac14d50ee8595fb73dc7d7400f2fd5714f9e,2023-01-01,06 OOC,0,0,1056,FTTC,40,20.444,Migrated Customer,Faster Fibre,5442
43c5c5f2592ca40f05fc2cb5732ba8522be99ca2b9d4bfc8268b2aa303b708cb,2023-08-01,02 In Contract,0,0,-247,FTTC,65,70.714,Migrated Customer,Fibre 65 (FTTC-OR),4814
a068f22c6b859a8a67c7d763845d23ebe74206212d41367402e3255acd74ac36,2024-07-01,06 OOC,0,0,2019,FTTC,35,12.746384765625,Unknown,Fibre 35 (FTTC-OR),3855
2e5ed2e2db64db39c6c5c64aa349bf920f6826dcfe75c45d4a25d60385e07ad1,2023-04-01,05 Newly OOC,0,0,55,FTTC,65,0.0,Online - Affiliate,Fibre 65 (FTTC-OR),603
eb89d4d3324cf1653509e450a3da9f8a9cfbe2b376ad5c7f40857c86e5c4c2e7,2024-02-01,04 Coming OOC,0,0,-28,FTTC,65,29.555,Online - Search,Fibre 65 (FTTC-OR),518
f4c7dda5d44935343074ed8b127608a13bcef4144452fa622ce2d46463c6da7e,2024-06-01,06 OOC,0,0,561,GFAST,150,159.858640625,Online - Affiliate,Fibre 150 (GFast-OR),1417
6472a9da95a49abb30c83a833d4facbebbcd6657aa11d443d8fa3cd0365b5739,2023-04-01,02 In Contract,0,0,-527,FTTC,35,34.99708984375,Online - Affiliate,Fibre 35 (FTTC-OR),922
3943ca4638ef87bc2ecc86c27775159b6e86d9f79d07a0c998b016249ba07655,2024-02-01,02 In Contract,0,0,-474,FTTC,35,39.997,Migrated Customer,Fibre 35 (FTTC-OR),3277
a068f22c6b859a8a67c7d763845d23ebe74206212d41367402e3255acd74ac36,2024-08-01,06 OOC,0,0,2050,FTTC,35,21.365,Unknown,Fibre 35 (FTTC-OR),3886
5b19356380bf12894575ae0957c53370c235a7e524c28766875f00620e8f9cba,2024-09-01,06 OOC,0,0,1322,FTTC,40,35.0,Migrated Customer,Faster Fibre,6366
836edb40f715fc636480bc0648dfb85d05eb24848c8170a41df24d3270537b8a,2024-08-01,02 In Contract,0,0,-210,FTTC,65,79.999,Migrated Customer,Fibre 65 (FTTC-OR),5979
fe06ba4e6270757c21ab21aa0770d77d60ffc371df42b8c00ac37da159747194,2022-08-01,02 In Contract,0,0,-219,FTTC,35,38.514,Retail,Fibre 35 (FTTC-OR),1991
40eb4c21a3ec2c02572246f560410411a95488c6f701630bbc3e37b3cc2b6564,2023-02-01,02 In Contract,0,0,-229,FTTC,65,79.992,Unknown,Fibre 65 (FTTC-OR),4345
df8ec98f954cca4bd90fdfe8944a4b086c3cb3d31f6f29b8b08501c4c29a334e,2023-05-01,06 OOC,0,0,323,FTTC,35,0.0,Online - Affiliate,Fibre 35 (FTTC-OR),1424
0b9177d8570746e7f3c6f5a70a312fd2108d236caacc25c365a82fc6fe2b7b06,2022-11-01,01 Early Contract,0,0,-458,FTTC,65,56.669,Online - Affiliate,Fibre 65 (FTTC-OR),607
8b7445923a168558fcbf59968581d6a185f73250b1246c35c63517cea481bcc1,2022-10-01,02 In Contract,0,0,-305,FTTC,35,6.399,Inbound,Fibre 35 (FTTC-OR),3026
2df91c630bc8d3482fe6b26130ae5d94820effac70251096029fdff42b6dfc62,2023-12-01,01 Early Contract,0,0,-544,FTTC,65,60.0,Online - Affiliate,Fibre 65 (FTTC-OR),1267
fe06ba4e6270757c21ab21aa0770d77d60ffc371df42b8c00ac37da159747194,2024-04-01,06 OOC,0,0,390,FTTC,35,39.806,Retail,Fibre 35 (FTTC-OR),2600
65cac803e3a66e335d6a72614d8d35eec87893de171c370be475f23085f06f5e,2022-11-01,02 In Contract,0,0,-137,FTTC,35,29.996,Inbound,Fibre 35 (FTTC-OR),1181
83cc2e032ef2ef9184621674d8120442c65b8b3c87f43cc85f94cf7cfcae397e,2024-07-01,03 Soon to be OOC,0,0,-85,FTTC,65,29.999,Unknown,Fibre 65 (FTTC-OR),5093
c509aad6caea2efa86075c5b8c4888d77ca0f6fcd30f94a375684d654a3adce4,2023-01-01,06 OOC,0,0,171,MPF,18,0.0,Migrated Customer,Fast Broadband,5773
6472a9da95a49abb30c83a833d4facbebbcd6657aa11d443d8fa3cd0365b5739,2023-02-01,02 In Contract,0,0,-586,FTTC,35,34.996,Online - Affiliate,Fibre 35 (FTTC-OR),863
6472a9da95a49abb30c83a833d4facbebbcd6657aa11d443d8fa3cd0365b5739,2024-07-01,02 In Contract,0,0,-591,FTTC,35,32.399,Online - Affiliate,Fibre 35 (FTTC-OR),1379
75b1217140bb8ddc6bb3458315e10f58dcb4e7841517bb32b8bca149a1b832a6,2023-03-01,06 OOC,0,0,447,GFAST,150,139.1685,Online - Affiliate,Fibre 150 (GFast-OR),994
d34f586fd9e7d0c9163447865fe3d151340d92694d870602c8954a2c1dfb8a24,2023-10-01,02 In Contract,0,0,-557,FTTC,65,79.999,Online - Search,Fibre 65 (FTTC-OR),906
1deb0ee2e943da6c2640092dc4ad5f3abc6a9417af9da7d5c7eef385248baf84,2024-02-01,04 Coming OOC,0,0,-22,FTTC,65,74.0,Online - Affiliate,Fibre 65 (FTTC-OR),1675
40eb4c21a3ec2c02572246f560410411a95488c6f701630bbc3e37b3cc2b6564,2024-07-01,06 OOC,0,0,287,FTTC,65,79.998,Unknown,Fibre 65 (FTTC-OR),4861
0b9177d8570746e7f3c6f5a70a312fd2108d236caacc25c365a82fc6fe2b7b06,2023-07-01,02 In Contract,0,0,-216,FTTC,65,54.161,Online - Affiliate,Fibre 65 (FTTC-OR),849
836edb40f715fc636480bc0648dfb85d05eb24848c8170a41df24d3270537b8a,2024-05-01,02 In Contract,0,0,-302,FTTC,65,79.999,Migrated Customer,Fibre 65 (FTTC-OR),5887
83cc2e032ef2ef9184621674d8120442c65b8b3c87f43cc85f94cf7cfcae397e,2024-05-01,02 In Contract,0,0,-146,FTTC,65,27.399,Unknown,Fibre 65 (FTTC-OR),5032
84e598cdfb9f0b163158f461ff7d52e027b9a8a898707de036dffdaec647bbb2,2023-04-01,06 OOC,0,0,406,FTTC,40,39.997,Migrated Customer,Faster Fibre,5727
2df91c630bc8d3482fe6b26130ae5d94820effac70251096029fdff42b6dfc62,2023-01-01,02 In Contract,0,0,-168,FTTC,65,18.288583984375,Online - Affiliate,Fibre 65 (FTTC-OR),933
b8f4fb33be9fe204b9de079931dc398e3ba6af441d556ca950e28ed672f5708d,2022-09-01,02 In Contract,0,0,-105,FTTC,35,40.0,Retail,Fibre 35 (FTTC-OR),2262
83cc2e032ef2ef9184621674d8120442c65b8b3c87f43cc85f94cf7cfcae397e,2023-01-01,02 In Contract,0,0,-96,FTTC,65,27.396,Unknown,Fibre 65 (FTTC-OR),4546
2df91c630bc8d3482fe6b26130ae5d94820effac70251096029fdff42b6dfc62,2023-07-01,05 Newly OOC,0,0,13,FTTC,65,63.37319921875,Online - Affiliate,Fibre 65 (FTTC-OR),1114
413181d0680c5b6ff1a1e00196dc8f24ffec47714f0b55e6395bd234bd8d14aa,2023-03-01,01 Early Contract,0,0,-498,FTTC,65,67.8,Online - Affiliate,Fibre 65 (FTTC-OR),579
860b8b97a66b474c7fe9a761ab79e33131aa628e6d953cda2629957b1ebe5b37,2022-12-01,02 In Contract,0,0,-201,FTTC,65,37.99866796875,Unknown,Fibre 65 (FTTC-OR),4158
1deb0ee2e943da6c2640092dc4ad5f3abc6a9417af9da7d5c7eef385248baf84,2023-03-01,02 In Contract,0,0,-359,FTTC,65,74.0,Online - Affiliate,Fibre 65 (FTTC-OR),1338
6472a9da95a49abb30c83a833d4facbebbcd6657aa11d443d8fa3cd0365b5739,2022-11-01,01 Early Contract,0,0,-678,FTTC,35,38.188,Online - Affiliate,Fibre 35 (FTTC-OR),771
1deb0ee2e943da6c2640092dc4ad5f3abc6a9417af9da7d5c7eef385248baf84,2022-10-01,01 Early Contract,0,0,-510,FTTC,65,79.68921875,Online - Affiliate,Fibre 65 (FTTC-OR),1187
0f8f757ae2c733fb28a0fd99e3b762125810c0ce3b8e7f416708513b353741fe,2024-04-01,06 OOC,0,0,1413,FTTC,40,39.999,Migrated Customer,Faster Fibre,6270
3943ca4638ef87bc2ecc86c27775159b6e86d9f79d07a0c998b016249ba07655,2022-11-01,02 In Contract,0,0,-231,FTTC,35,39.997,Migrated Customer,Fibre 35 (FTTC-OR),2820
2f55b115e4d8a071a213d3fc49002528b2f92229c554aa603415547793b3e4bc,2024-08-01,02 In Contract,0,0,-373,FTTC,65,66.999,Migrated Customer,Fibre 65 (FTTC-OR),6317
4b05b4c9a1e78ce07098dbd2547c2557cb64805b76ca321954171fd1fced6c2e,2024-01-01,02 In Contract,0,0,-290,FTTC,65,41.817078125,Retail,Fibre 65 (FTTC-OR),1847
095d5f0adc982fee764c35bb8f6752af4d432296c3a504fe159e7221758c9a93,2023-08-01,02 In Contract,0,0,-205,FTTC,35,39.999,Online - Search,Fibre 35 (FTTC-OR),343
75b1217140bb8ddc6bb3458315e10f58dcb4e7841517bb32b8bca149a1b832a6,2023-01-01,06 OOC,0,0,388,GFAST,150,134.10275,Online - Affiliate,Fibre 150 (GFast-OR),935
eca84e5bd4f4eb9a693f483ad98c24af59a61de9cab23fdc75bccd34c511407f,2023-09-01,02 In Contract,0,0,-371,FTTC,65,79.999,Online - Search,Fibre 65 (FTTC-OR),1317
65cac803e3a66e335d6a72614d8d35eec87893de171c370be475f23085f06f5e,2023-05-01,01 Early Contract,0,0,-519,GFAST,150,159.793640625,Inbound,Fibre 150 (GFast-OR),1362
4d994624c7349bd4d9fb2016cb35ac14d50ee8595fb73dc7d7400f2fd5714f9e,2022-08-01,06 OOC,0,0,903,FTTC,40,34.256,Migrated Customer,Faster Fibre,5289
1deb0ee2e943da6c2640092dc4ad5f3abc6a9417af9da7d5c7eef385248baf84,2023-12-01,03 Soon to be OOC,0,0,-84,FTTC,65,74.0,Online - Affiliate,Fibre 65 (FTTC-OR),1613
065ef94f96807115ebe0aa89ab064cdc404e0734f161842190825b8d042a30ac,2024-09-01,03 Soon to be OOC,0,0,-55,FTTC,35,14.995,Online - Affiliate,Fibre 35 (FTTC-OR),1238
fe06ba4e6270757c21ab21aa0770d77d60ffc371df42b8c00ac37da159747194,2023-06-01,05 Newly OOC,0,0,85,FTTC,35,39.806,Retail,Fibre 35 (FTTC-OR),2295
095d5f0adc982fee764c35bb8f6752af4d432296c3a504fe159e7221758c9a93,2024-02-01,04 Coming OOC,0,0,-21,FTTC,35,40.0,Online - Search,Fibre 35 (FTTC-OR),527
40eb4c21a3ec2c02572246f560410411a95488c6f701630bbc3e37b3cc2b6564,2022-09-01,02 In Contract,0,0,-382,FTTC,65,79.992,Unknown,Fibre 65 (FTTC-OR),4192
2df91c630bc8d3482fe6b26130ae5d94820effac70251096029fdff42b6dfc62,2023-08-01,05 Newly OOC,0,0,44,FTTC,65,66.997859375,Online - Affiliate,Fibre 65 (FTTC-OR),1145
f4d467c6ec8f49892a41fd3e0b5fae1e395603e5c5c2be7b25f081000a48b482,2023-11-01,06 OOC,0,0,3686,FTTC,35,40.004,Migrated Customer,Fibre 35 (FTTC-OR),5110
2e5ed2e2db64db39c6c5c64aa349bf920f6826dcfe75c45d4a25d60385e07ad1,2022-09-01,02 In Contract,0,0,-157,FTTC,65,53.172,Online - Affiliate,Fibre 65 (FTTC-OR),391
83cc2e032ef2ef9184621674d8120442c65b8b3c87f43cc85f94cf7cfcae397e,2023-11-01,02 In Contract,0,0,-328,FTTC,65,27.396,Unknown,Fibre 65 (FTTC-OR),4850
095d5f0adc982fee764c35bb8f6752af4d432296c3a504fe159e7221758c9a93,2023-04-01,02 In Contract,0,0,-327,FTTC,35,33.83533203125,Online - Search,Fibre 35 (FTTC-OR),221
860b8b97a66b474c7fe9a761ab79e33131aa628e6d953cda2629957b1ebe5b37,2024-05-01,02 In Contract,0,0,-598,FTTC,65,39.999,Unknown,Fibre 65 (FTTC-OR),4675
8b7445923a168558fcbf59968581d6a185f73250b1246c35c63517cea481bcc1,2023-07-01,03 Soon to be OOC,0,0,-32,FTTC,35,19.730400390625,Inbound,Fibre 35 (FTTC-OR),3299
40eb4c21a3ec2c02572246f560410411a95488c6f701630bbc3e37b3cc2b6564,2023-10-01,05 Newly OOC,0,0,13,FTTC,65,79.992,Unknown,Fibre 65 (FTTC-OR),4587
c509aad6caea2efa86075c5b8c4888d77ca0f6fcd30f94a375684d654a3adce4,2023-12-01,02 In Contract,0,0,-625,MPF,18,0.0,Migrated Customer,Fast Broadband,6107
43c5c5f2592ca40f05fc2cb5732ba8522be99ca2b9d4bfc8268b2aa303b708cb,2024-01-01,02 In Contract,0,0,-94,FTTC,65,69.53015625,Migrated Customer,Fibre 65 (FTTC-OR),4967
b8f4fb33be9fe204b9de079931dc398e3ba6af441d556ca950e28ed672f5708d,2023-07-01,06 OOC,0,0,198,FTTC,35,39.9995,Retail,Fibre 35 (FTTC-OR),2565
a068f22c6b859a8a67c7d763845d23ebe74206212d41367402e3255acd74ac36,2022-12-01,06 OOC,0,0,1441,FTTC,35,17.866,Unknown,Fibre 35 (FTTC-OR),3277
5b19356380bf12894575ae0957c53370c235a7e524c28766875f00620e8f9cba,2023-11-01,06 OOC,0,0,1017,FTTC,40,35.0,Migrated Customer,Faster Fibre,6061
eb89d4d3324cf1653509e450a3da9f8a9cfbe2b376ad5c7f40857c86e5c4c2e7,2024-01-01,03 Soon to be OOC,0,0,-59,FTTC,65,29.555,Online - Search,Fibre 65 (FTTC-OR),487
f4d467c6ec8f49892a41fd3e0b5fae1e395603e5c5c2be7b25f081000a48b482,2023-04-01,06 OOC,0,0,3472,FTTC,35,34.968,Migrated Customer,Fibre 35 (FTTC-OR),4896
43c5c5f2592ca40f05fc2cb5732ba8522be99ca2b9d4bfc8268b2aa303b708cb,2023-04-01,02 In Contract,0,0,-369,FTTC,65,72.38,Migrated Customer,Fibre 65 (FTTC-OR),4692
065ef94f96807115ebe0aa89ab064cdc404e0734f161842190825b8d042a30ac,2023-03-01,02 In Contract,0,0,-605,FTTC,35,34.421,Online - Affiliate,Fibre 35 (FTTC-OR),688
db6306555807649ba084ad7191708c64382856ac4cd364f379530436757cab25,2023-01-01,06 OOC,0,0,443,FTTC,40,39.99069921875,Online - Search,Faster Fibre,990
8f676110ebcb784b3874a951104b7118bed193ef8e2c637aac8c565ac823abef,2023-04-01,02 In Contract,0,0,-194,FTTC,65,58.355,Partners,Fibre 65 (FTTC-OR),353
a068f22c6b859a8a67c7d763845d23ebe74206212d41367402e3255acd74ac36,2023-02-01,06 OOC,0,0,1503,FTTC,35,18.67275,Unknown,Fibre 35 (FTTC-OR),3339
2f55b115e4d8a071a213d3fc49002528b2f92229c554aa603415547793b3e4bc,2023-06-01,06 OOC,0,0,301,FTTC,65,44.4434453125,Migrated Customer,Fibre 65 (FTTC-OR),5890
413181d0680c5b6ff1a1e00196dc8f24ffec47714f0b55e6395bd234bd8d14aa,2024-03-01,02 In Contract,0,0,-132,FTTC,65,72.363875,Online - Affiliate,Fibre 65 (FTTC-OR),945
c96d030d735d324dc4e422a0045b6c8e7821f385e558e5d70228c3430b946f1c,2024-09-01,02 In Contract,0,0,-239,FTTC,35,0.0,Retail,Fibre 35 (FTTC-OR),2715
0b9177d8570746e7f3c6f5a70a312fd2108d236caacc25c365a82fc6fe2b7b06,2022-08-01,03 Soon to be OOC,0,0,-33,FTTC,65,56.873,Online - Affiliate,Fibre 65 (FTTC-OR),515
4b05b4c9a1e78ce07098dbd2547c2557cb64805b76ca321954171fd1fced6c2e,2023-10-01,02 In Contract,0,0,-382,FTTC,65,41.45741796875,Retail,Fibre 65 (FTTC-OR),1755
1deb0ee2e943da6c2640092dc4ad5f3abc6a9417af9da7d5c7eef385248baf84,2024-03-01,05 Newly OOC,0,0,7,FTTC,65,74.0,Online - Affiliate,Fibre 65 (FTTC-OR),1704
0b9177d8570746e7f3c6f5a70a312fd2108d236caacc25c365a82fc6fe2b7b06,2023-05-01,02 In Contract,0,0,-277,FTTC,65,59.103,Online - Affiliate,Fibre 65 (FTTC-OR),788
84e598cdfb9f0b163158f461ff7d52e027b9a8a898707de036dffdaec647bbb2,2024-01-01,02 In Contract,0,0,-361,FTTC,40,39.997,Migrated Customer,Faster Fibre,6002
c509aad6caea2efa86075c5b8c4888d77ca0f6fcd30f94a375684d654a3adce4,2024-03-01,02 In Contract,0,0,-534,MPF,18,0.0,Migrated Customer,Fast Broadband,6198
836edb40f715fc636480bc0648dfb85d05eb24848c8170a41df24d3270537b8a,2023-12-01,02 In Contract,0,0,-454,FTTC,65,79.999,Migrated Customer,Fibre 65 (FTTC-OR),5735
8b7445923a168558fcbf59968581d6a185f73250b1246c35c63517cea481bcc1,2022-08-01,02 In Contract,0,0,-366,FTTC,35,27.39925,Inbound,Fibre 35 (FTTC-OR),2965
e1e81a5cc9d06bed409119e9ecef243c56315d5271a97ce36fc22149d37a0acf,2023-07-01,06 OOC,0,0,730,FTTC,40,40.0,Unknown,Faster Fibre,1276
eca84e5bd4f4eb9a693f483ad98c24af59a61de9cab23fdc75bccd34c511407f,2023-10-01,02 In Contract,0,0,-341,FTTC,65,79.999,Online - Search,Fibre 65 (FTTC-OR),1347
c509aad6caea2efa86075c5b8c4888d77ca0f6fcd30f94a375684d654a3adce4,2024-09-01,02 In Contract,0,0,-350,MPF,18,0.0,Migrated Customer,Fast Broadband,6382
d34f586fd9e7d0c9163447865fe3d151340d92694d870602c8954a2c1dfb8a24,2023-05-01,01 Early Contract,0,0,-710,FTTC,65,79.999,Online - Search,Fibre 65 (FTTC-OR),753
43c5c5f2592ca40f05fc2cb5732ba8522be99ca2b9d4bfc8268b2aa303b708cb,2023-12-01,02 In Contract,0,0,-125,FTTC,65,69.291,Migrated Customer,Fibre 65 (FTTC-OR),4936
83cc2e032ef2ef9184621674d8120442c65b8b3c87f43cc85f94cf7cfcae397e,2024-08-01,03 Soon to be OOC,0,0,-54,FTTC,65,29.999,Unknown,Fibre 65 (FTTC-OR),5124
c0d55e7207c5bb2dd46f229e97401372073249d8db6bb6c1d2e54092adad77a9,2023-08-01,03 Soon to be OOC,0,0,-51,FTTC,65,78.6613359375,Partners,Fibre 65 (FTTC-OR),1039
83cc2e032ef2ef9184621674d8120442c65b8b3c87f43cc85f94cf7cfcae397e,2022-11-01,02 In Contract,0,0,-157,FTTC,65,27.396,Unknown,Fibre 65 (FTTC-OR),4485
860b8b97a66b474c7fe9a761ab79e33131aa628e6d953cda2629957b1ebe5b37,2023-07-01,01 Early Contract,0,0,-692,FTTC,65,34.999,Unknown,Fibre 65 (FTTC-OR),4370
413181d0680c5b6ff1a1e00196dc8f24ffec47714f0b55e6395bd234bd8d14aa,2024-02-01,02 In Contract,0,0,-161,FTTC,65,72.302,Online - Affiliate,Fibre 65 (FTTC-OR),916
78595457c0e13f4b46fab7892ee8c7270726b70d4b0b03413be5df9b4f6bc789,2022-11-01,06 OOC,0,0,271,FTTC,40,39.997,Partners,Faster Fibre,819
70ffb6de9a95ee691a6d33d0bbc15461b0110d2de0ed2b6f762623fcd28f4f86,2024-06-01,02 In Contract,0,0,-184,GFAST,150,159.993,Online - Ambient,Fibre 150 (GFast-OR),2962
2df91c630bc8d3482fe6b26130ae5d94820effac70251096029fdff42b6dfc62,2022-11-01,02 In Contract,0,0,-229,FTTC,65,3.124857177734375,Online - Affiliate,Fibre 65 (FTTC-OR),872
2df91c630bc8d3482fe6b26130ae5d94820effac70251096029fdff42b6dfc62,2024-03-01,02 In Contract,0,0,-453,FTTC,65,35.70766796875,Online - Affiliate,Fibre 65 (FTTC-OR),1358
b8f4fb33be9fe204b9de079931dc398e3ba6af441d556ca950e28ed672f5708d,2023-11-01,06 OOC,0,0,321,FTTC,35,38.24025,Retail,Fibre 35 (FTTC-OR),2688
84e598cdfb9f0b163158f461ff7d52e027b9a8a898707de036dffdaec647bbb2,2022-09-01,06 OOC,0,0,194,FTTC,40,39.997,Migrated Customer,Faster Fibre,5515
c0d55e7207c5bb2dd46f229e97401372073249d8db6bb6c1d2e54092adad77a9,2022-09-01,02 In Contract,0,0,-385,FTTC,65,78.3342890625,Partners,Fibre 65 (FTTC-OR),705
3943ca4638ef87bc2ecc86c27775159b6e86d9f79d07a0c998b016249ba07655,2024-08-01,02 In Contract,0,0,-292,FTTC,35,39.997,Migrated Customer,Fibre 35 (FTTC-OR),3459
0f8f757ae2c733fb28a0fd99e3b762125810c0ce3b8e7f416708513b353741fe,2022-10-01,06 OOC,0,0,865,FTTC,40,39.968,Migrated Customer,Faster Fibre,5722
c0d55e7207c5bb2dd46f229e97401372073249d8db6bb6c1d2e54092adad77a9,2022-08-01,02 In Contract,0,0,-416,FTTC,65,78.1053359375,Partners,Fibre 65 (FTTC-OR),674
f4d467c6ec8f49892a41fd3e0b5fae1e395603e5c5c2be7b25f081000a48b482,2024-01-01,06 OOC,0,0,3747,FTTC,35,39.999,Migrated Customer,Fibre 35 (FTTC-OR),5171
1deb0ee2e943da6c2640092dc4ad5f3abc6a9417af9da7d5c7eef385248baf84,2023-04-01,02 In Contract,0,0,-328,FTTC,65,74.0,Online - Affiliate,Fibre 65 (FTTC-OR),1369
f4d467c6ec8f49892a41fd3e0b5fae1e395603e5c5c2be7b25f081000a48b482,2024-09-01,06 OOC,0,0,3991,FTTC,35,39.999,Migrated Customer,Fibre 35 (FTTC-OR),5415
eca84e5bd4f4eb9a693f483ad98c24af59a61de9cab23fdc75bccd34c511407f,2023-12-01,02 In Contract,0,0,-280,FTTC,65,79.999,Online - Search,Fibre 65 (FTTC-OR),1408
8b7445923a168558fcbf59968581d6a185f73250b1246c35c63517cea481bcc1,2024-07-01,06 OOC,0,0,334,FTTC,35,37.7795390625,Inbound,Fibre 35 (FTTC-OR),3665
84e598cdfb9f0b163158f461ff7d52e027b9a8a898707de036dffdaec647bbb2,2024-06-01,02 In Contract,0,0,-209,FTTC,40,39.997,Migrated Customer,Faster Fibre,6154
095d5f0adc982fee764c35bb8f6752af4d432296c3a504fe159e7221758c9a93,2022-10-01,01 Early Contract,0,0,-509,FTTC,35,39.999,Online - Search,Fibre 35 (FTTC-OR),39
3943ca4638ef87bc2ecc86c27775159b6e86d9f79d07a0c998b016249ba07655,2023-07-01,01 Early Contract,0,0,-689,FTTC,35,39.997,Migrated Customer,Fibre 35 (FTTC-OR),3062
eca84e5bd4f4eb9a693f483ad98c24af59a61de9cab23fdc75bccd34c511407f,2022-11-01,01 Early Contract,0,0,-675,FTTC,65,79.999,Online - Search,Fibre 65 (FTTC-OR),1013
1deb0ee2e943da6c2640092dc4ad5f3abc6a9417af9da7d5c7eef385248baf84,2023-07-01,02 In Contract,0,0,-237,FTTC,65,74.0,Online - Affiliate,Fibre 65 (FTTC-OR),1460
0f8f757ae2c733fb28a0fd99e3b762125810c0ce3b8e7f416708513b353741fe,2023-08-01,06 OOC,0,0,1169,FTTC,40,39.999,Migrated Customer,Faster Fibre,6026
413181d0680c5b6ff1a1e00196dc8f24ffec47714f0b55e6395bd234bd8d14aa,2022-12-01,03 Soon to be OOC,0,0,-59,FTTC,65,68.973,Online - Affiliate,Fibre 65 (FTTC-OR),489
8f676110ebcb784b3874a951104b7118bed193ef8e2c637aac8c565ac823abef,2022-09-01,02 In Contract,0,0,-406,FTTC,65,57.31025,Partners,Fibre 65 (FTTC-OR),141
78595457c0e13f4b46fab7892ee8c7270726b70d4b0b03413be5df9b4f6bc789,2023-07-01,06 OOC,0,0,513,FTTC,40,39.997,Partners,Faster Fibre,1061
db6306555807649ba084ad7191708c64382856ac4cd364f379530436757cab25,2023-02-01,06 OOC,0,0,474,FTTC,40,39.99583203125,Online - Search,Faster Fibre,1021
8b7445923a168558fcbf59968581d6a185f73250b1246c35c63517cea481bcc1,2023-06-01,03 Soon to be OOC,0,0,-62,FTTC,35,26.62222265625,Inbound,Fibre 35 (FTTC-OR),3269
8970fd42d2595dc063a823e416e5bb795a555bb6e31d72d8fd53b8af2e2405c5,2022-11-01,01 Early Contract,0,0,-315,FTTC,65,78.7206640625,Webchat,Fibre 65 (FTTC-OR),49
2f55b115e4d8a071a213d3fc49002528b2f92229c554aa603415547793b3e4bc,2024-07-01,02 In Contract,0,0,-404,FTTC,65,59.999,Migrated Customer,Fibre 65 (FTTC-OR),6286
df8ec98f954cca4bd90fdfe8944a4b086c3cb3d31f6f29b8b08501c4c29a334e,2022-08-01,05 Newly OOC,0,0,50,FTTC,35,0.0,Online - Affiliate,Fibre 35 (FTTC-OR),1151
3943ca4638ef87bc2ecc86c27775159b6e86d9f79d07a0c998b016249ba07655,2023-11-01,02 In Contract,0,0,-566,FTTC,35,39.997,Migrated Customer,Fibre 35 (FTTC-OR),3185
fe06ba4e6270757c21ab21aa0770d77d60ffc371df42b8c00ac37da159747194,2023-01-01,03 Soon to be OOC,0,0,-66,FTTC,35,39.806,Retail,Fibre 35 (FTTC-OR),2144
fe06ba4e6270757c21ab21aa0770d77d60ffc371df42b8c00ac37da159747194,2024-06-01,06 OOC,0,0,451,FTTC,35,39.806,Retail,Fibre 35 (FTTC-OR),2661
e1e81a5cc9d06bed409119e9ecef243c56315d5271a97ce36fc22149d37a0acf,2024-05-01,06 OOC,0,0,1035,FTTC,40,39.997,Unknown,Faster Fibre,1581
0b9177d8570746e7f3c6f5a70a312fd2108d236caacc25c365a82fc6fe2b7b06,2023-08-01,02 In Contract,0,0,-185,FTTC,65,53.183,Online - Affiliate,Fibre 65 (FTTC-OR),880
5b19356380bf12894575ae0957c53370c235a7e524c28766875f00620e8f9cba,2023-03-01,06 OOC,0,0,772,FTTC,40,34.992,Migrated Customer,Faster Fibre,5816
b8f4fb33be9fe204b9de079931dc398e3ba6af441d556ca950e28ed672f5708d,2024-01-01,06 OOC,0,0,382,FTTC,35,39.999,Retail,Fibre 35 (FTTC-OR),2749
eb89d4d3324cf1653509e450a3da9f8a9cfbe2b376ad5c7f40857c86e5c4c2e7,2023-08-01,02 In Contract,0,0,-212,FTTC,65,48.99885546875,Online - Search,Fibre 65 (FTTC-OR),334
a068f22c6b859a8a67c7d763845d23ebe74206212d41367402e3255acd74ac36,2022-10-01,06 OOC,0,0,1380,FTTC,35,17.766,Unknown,Fibre 35 (FTTC-OR),3216
f8f0c4a31b3b3280f60e792f8022a704a9c0588f179f84cdafee8ef2e32d15f2,2022-08-01,02 In Contract,0,0,-385,GFAST,150,74.1483359375,Online - Affiliate,Fibre 150 (GFast-OR),1432
5b19356380bf12894575ae0957c53370c235a7e524c28766875f00620e8f9cba,2024-08-01,06 OOC,0,0,1291,FTTC,40,35.0,Migrated Customer,Faster Fibre,6335
2df91c630bc8d3482fe6b26130ae5d94820effac70251096029fdff42b6dfc62,2022-10-01,02 In Contract,0,0,-260,FTTC,65,46.77777734375,Online - Affiliate,Fibre 65 (FTTC-OR),841
1deb0ee2e943da6c2640092dc4ad5f3abc6a9417af9da7d5c7eef385248baf84,2022-12-01,02 In Contract,0,0,-449,FTTC,65,74.749875,Online - Affiliate,Fibre 65 (FTTC-OR),1248
2df91c630bc8d3482fe6b26130ae5d94820effac70251096029fdff42b6dfc62,2023-10-01,06 OOC,0,0,105,FTTC,65,54.49883203125,Online - Affiliate,Fibre 65 (FTTC-OR),1206
4d994624c7349bd4d9fb2016cb35ac14d50ee8595fb73dc7d7400f2fd5714f9e,2023-05-01,06 OOC,0,0,1176,FTTC,40,0.0,Migrated Customer,Faster Fibre,5562
4e474ec042cda8f2df61fa599acd5bdb2cad82d460d20c875a5b3dc0c6ce7c92,2022-09-01,02 In Contract,0,0,-292,FTTC,35,39.997,Partners,Fibre 35 (FTTC-OR),254
1f91cd418d6d9f4afb9958632b7d2327ab009b2817656a79edc72f080997eb03,2023-03-01,02 In Contract,0,0,-233,FTTC,65,79.998,Partners,Fibre 65 (FTTC-OR),314
fe06ba4e6270757c21ab21aa0770d77d60ffc371df42b8c00ac37da159747194,2022-09-01,02 In Contract,0,0,-188,FTTC,35,20.479666015625,Retail,Fibre 35 (FTTC-OR),2022
5b19356380bf12894575ae0957c53370c235a7e524c28766875f00620e8f9cba,2023-10-01,06 OOC,0,0,986,FTTC,40,34.992,Migrated Customer,Faster Fibre,6030
3943ca4638ef87bc2ecc86c27775159b6e86d9f79d07a0c998b016249ba07655,2023-10-01,02 In Contract,0,0,-597,FTTC,35,39.997,Migrated Customer,Fibre 35 (FTTC-OR),3154
0f8f757ae2c733fb28a0fd99e3b762125810c0ce3b8e7f416708513b353741fe,2023-09-01,06 OOC,0,0,1200,FTTC,40,39.999,Migrated Customer,Faster Fibre,6057
eb89d4d3324cf1653509e450a3da9f8a9cfbe2b376ad5c7f40857c86e5c4c2e7,2024-03-01,05 Newly OOC,0,0,1,FTTC,65,29.555,Online - Search,Fibre 65 (FTTC-OR),547
db6306555807649ba084ad7191708c64382856ac4cd364f379530436757cab25,2022-10-01,06 OOC,0,0,351,FTTC,40,39.9585,Online - Search,Faster Fibre,898
43c5c5f2592ca40f05fc2cb5732ba8522be99ca2b9d4bfc8268b2aa303b708cb,2023-10-01,02 In Contract,0,0,-186,FTTC,65,70.1755859375,Migrated Customer,Fibre 65 (FTTC-OR),4875
6472a9da95a49abb30c83a833d4facbebbcd6657aa11d443d8fa3cd0365b5739,2022-10-01,01 Early Contract,0,0,-709,FTTC,35,38.47066796875,Online - Affiliate,Fibre 35 (FTTC-OR),740
f8f0c4a31b3b3280f60e792f8022a704a9c0588f179f84cdafee8ef2e32d15f2,2023-02-01,02 In Contract,0,0,-201,GFAST,150,97.2415,Online - Affiliate,Fibre 150 (GFast-OR),1616
065ef94f96807115ebe0aa89ab064cdc404e0734f161842190825b8d042a30ac,2023-07-01,02 In Contract,0,0,-483,FTTC,35,22.381099609375,Online - Affiliate,Fibre 35 (FTTC-OR),810
e1e81a5cc9d06bed409119e9ecef243c56315d5271a97ce36fc22149d37a0acf,2023-12-01,06 OOC,0,0,883,FTTC,40,40.0,Unknown,Faster Fibre,1429
836edb40f715fc636480bc0648dfb85d05eb24848c8170a41df24d3270537b8a,2023-03-01,01 Early Contract,0,0,-729,FTTC,65,79.999,Migrated Customer,Fibre 65 (FTTC-OR),5460
4d994624c7349bd4d9fb2016cb35ac14d50ee8595fb73dc7d7400f2fd5714f9e,2022-10-01,06 OOC,0,0,964,FTTC,40,30.828111328125,Migrated Customer,Faster Fibre,5350
5b19356380bf12894575ae0957c53370c235a7e524c28766875f00620e8f9cba,2023-08-01,06 OOC,0,0,925,FTTC,40,34.992,Migrated Customer,Faster Fibre,5969
f4d467c6ec8f49892a41fd3e0b5fae1e395603e5c5c2be7b25f081000a48b482,2023-09-01,06 OOC,0,0,3625,FTTC,35,31.536,Migrated Customer,Fibre 35 (FTTC-OR),5049
d34f586fd9e7d0c9163447865fe3d151340d92694d870602c8954a2c1dfb8a24,2022-08-01,02 In Contract,0,0,-249,FTTC,65,79.999,Online - Search,Fibre 65 (FTTC-OR),480
6472a9da95a49abb30c83a833d4facbebbcd6657aa11d443d8fa3cd0365b5739,2024-09-01,02 In Contract,0,0,-529,FTTC,35,32.399,Online - Affiliate,Fibre 35 (FTTC-OR),1441
ca0287834bcfb91017d8a43edaed26498daa4ca061bf29d897073e3eb751e171,2024-03-01,02 In Contract,0,0,-514,FTTC,65,63.74,Online - Search,Fibre 65 (FTTC-OR),1248
c96d030d735d324dc4e422a0045b6c8e7821f385e558e5d70228c3430b946f1c,2024-01-01,02 In Contract,0,0,-483,FTTC,35,0.0,Retail,Fibre 35 (FTTC-OR),2471
70ffb6de9a95ee691a6d33d0bbc15461b0110d2de0ed2b6f762623fcd28f4f86,2023-08-01,02 In Contract,0,0,-489,GFAST,150,159.961421875,Online - Ambient,Fibre 150 (GFast-OR),2657
65cac803e3a66e335d6a72614d8d35eec87893de171c370be475f23085f06f5e,2024-04-01,02 In Contract,0,0,-183,GFAST,150,159.888765625,Inbound,Fibre 150 (GFast-OR),1698
c96d030d735d324dc4e422a0045b6c8e7821f385e558e5d70228c3430b946f1c,2023-04-01,03 Soon to be OOC,0,0,-64,FTTC,35,40.0,Retail,Fibre 35 (FTTC-OR),2196
78595457c0e13f4b46fab7892ee8c7270726b70d4b0b03413be5df9b4f6bc789,2022-09-01,06 OOC,0,0,210,FTTC,40,39.9874453125,Partners,Faster Fibre,758
836edb40f715fc636480bc0648dfb85d05eb24848c8170a41df24d3270537b8a,2024-01-01,02 In Contract,0,0,-423,FTTC,65,79.999,Migrated Customer,Fibre 65 (FTTC-OR),5766
eca84e5bd4f4eb9a693f483ad98c24af59a61de9cab23fdc75bccd34c511407f,2024-01-01,02 In Contract,0,0,-249,FTTC,65,79.999,Online - Search,Fibre 65 (FTTC-OR),1439
eca84e5bd4f4eb9a693f483ad98c24af59a61de9cab23fdc75bccd34c511407f,2022-08-01,03 Soon to be OOC,0,0,-84,FTTC,65,79.999,Online - Search,Fibre 65 (FTTC-OR),921
6472a9da95a49abb30c83a833d4facbebbcd6657aa11d443d8fa3cd0365b5739,2022-12-01,01 Early Contract,0,0,-648,FTTC,35,38.22,Online - Affiliate,Fibre 35 (FTTC-OR),801
75b1217140bb8ddc6bb3458315e10f58dcb4e7841517bb32b8bca149a1b832a6,2023-09-01,06 OOC,0,0,631,GFAST,150,129.9691015625,Online - Affiliate,Fibre 150 (GFast-OR),1178
65cac803e3a66e335d6a72614d8d35eec87893de171c370be475f23085f06f5e,2022-10-01,02 In Contract,0,0,-168,FTTC,35,39.97377734375,Inbound,Fibre 35 (FTTC-OR),1150
5b19356380bf12894575ae0957c53370c235a7e524c28766875f00620e8f9cba,2024-07-01,06 OOC,0,0,1260,FTTC,40,33.2055390625,Migrated Customer,Faster Fibre,6304
065ef94f96807115ebe0aa89ab064cdc404e0734f161842190825b8d042a30ac,2023-01-01,01 Early Contract,0,0,-664,FTTC,35,35.1975,Online - Affiliate,Fibre 35 (FTTC-OR),629
0b9177d8570746e7f3c6f5a70a312fd2108d236caacc25c365a82fc6fe2b7b06,2023-09-01,02 In Contract,0,0,-154,FTTC,65,53.183,Online - Affiliate,Fibre 65 (FTTC-OR),911
98890cd1dab71729707c03ed024528f8298fd368b3de09f9ed6b1e5e5b5aac95,2022-08-01,05 Newly OOC,0,0,52,FTTC,65,0.0,Inbound,Fibre 65 (FTTC-OR),3417
2e5ed2e2db64db39c6c5c64aa349bf920f6826dcfe75c45d4a25d60385e07ad1,2023-01-01,03 Soon to be OOC,0,0,-35,FTTC,65,54.89733203125,Online - Affiliate,Fibre 65 (FTTC-OR),513
065ef94f96807115ebe0aa89ab064cdc404e0734f161842190825b8d042a30ac,2023-12-01,02 In Contract,0,0,-330,FTTC,35,39.73,Online - Affiliate,Fibre 35 (FTTC-OR),963
65cac803e3a66e335d6a72614d8d35eec87893de171c370be475f23085f06f5e,2023-10-01,02 In Contract,0,0,-366,GFAST,150,159.624171875,Inbound,Fibre 150 (GFast-OR),1515
065ef94f96807115ebe0aa89ab064cdc404e0734f161842190825b8d042a30ac,2024-05-01,02 In Contract,0,0,-178,FTTC,35,38.523,Online - Affiliate,Fibre 35 (FTTC-OR),1115
b8f4fb33be9fe204b9de079931dc398e3ba6af441d556ca950e28ed672f5708d,2023-09-01,06 OOC,0,0,260,FTTC,35,40.0,Retail,Fibre 35 (FTTC-OR),2627
836edb40f715fc636480bc0648dfb85d05eb24848c8170a41df24d3270537b8a,2023-06-01,02 In Contract,0,0,-637,FTTC,65,79.999,Migrated Customer,Fibre 65 (FTTC-OR),5552
65cac803e3a66e335d6a72614d8d35eec87893de171c370be475f23085f06f5e,2023-03-01,04 Coming OOC,0,0,-17,FTTC,35,32.4,Inbound,Fibre 35 (FTTC-OR),1301
4b05b4c9a1e78ce07098dbd2547c2557cb64805b76ca321954171fd1fced6c2e,2024-06-01,02 In Contract,0,0,-138,FTTC,65,42.623,Retail,Fibre 65 (FTTC-OR),1999
eca84e5bd4f4eb9a693f483ad98c24af59a61de9cab23fdc75bccd34c511407f,2023-07-01,02 In Contract,0,0,-433,FTTC,65,79.999,Online - Search,Fibre 65 (FTTC-OR),1255
62f689100485d8d4738734be2e60b4051b7036dd3d1f20aa6c77859353109a21,2022-11-01,04 Coming OOC,1,0,-26,GFAST,150,159.9795,Online - Search,Fibre 150 (GFast-OR),522
65cac803e3a66e335d6a72614d8d35eec87893de171c370be475f23085f06f5e,2024-05-01,02 In Contract,0,0,-153,GFAST,150,159.898125,Inbound,Fibre 150 (GFast-OR),1728
98890cd1dab71729707c03ed024528f8298fd368b3de09f9ed6b1e5e5b5aac95,2022-12-01,06 OOC,0,0,174,FTTC,65,0.0,Inbound,Fibre 65 (FTTC-OR),3539
2df91c630bc8d3482fe6b26130ae5d94820effac70251096029fdff42b6dfc62,2024-02-01,01 Early Contract,0,0,-482,FTTC,65,47.554,Online - Affiliate,Fibre 65 (FTTC-OR),1329
2df91c630bc8d3482fe6b26130ae5d94820effac70251096029fdff42b6dfc62,2023-06-01,04 Coming OOC,0,0,-17,FTTC,65,66.999,Online - Affiliate,Fibre 65 (FTTC-OR),1084
6472a9da95a49abb30c83a833d4facbebbcd6657aa11d443d8fa3cd0365b5739,2023-10-01,02 In Contract,0,0,-344,FTTC,35,34.99833203125,Online - Affiliate,Fibre 35 (FTTC-OR),1105
98890cd1dab71729707c03ed024528f8298fd368b3de09f9ed6b1e5e5b5aac95,2023-03-01,06 OOC,0,0,264,FTTC,65,0.0,Inbound,Fibre 65 (FTTC-OR),3629
84e598cdfb9f0b163158f461ff7d52e027b9a8a898707de036dffdaec647bbb2,2024-08-01,02 In Contract,0,0,-148,FTTC,40,39.997,Migrated Customer,Faster Fibre,6215
2e5ed2e2db64db39c6c5c64aa349bf920f6826dcfe75c45d4a25d60385e07ad1,2023-02-01,04 Coming OOC,0,0,-4,FTTC,65,54.828,Online - Affiliate,Fibre 65 (FTTC-OR),544
65cac803e3a66e335d6a72614d8d35eec87893de171c370be475f23085f06f5e,2022-09-01,02 In Contract,0,0,-198,FTTC,35,33.55377734375,Inbound,Fibre 35 (FTTC-OR),1120
c96d030d735d324dc4e422a0045b6c8e7821f385e558e5d70228c3430b946f1c,2023-01-01,02 In Contract,0,0,-154,FTTC,35,39.99991796875,Retail,Fibre 35 (FTTC-OR),2106
40eb4c21a3ec2c02572246f560410411a95488c6f701630bbc3e37b3cc2b6564,2024-02-01,06 OOC,0,0,136,FTTC,65,79.998,Unknown,Fibre 65 (FTTC-OR),4710
836edb40f715fc636480bc0648dfb85d05eb24848c8170a41df24d3270537b8a,2022-10-01,02 In Contract,0,0,-362,FTTC,65,79.999,Migrated Customer,Fibre 65 (FTTC-OR),5309
c509aad6caea2efa86075c5b8c4888d77ca0f6fcd30f94a375684d654a3adce4,2023-08-01,06 OOC,0,0,383,MPF,18,0.0,Migrated Customer,Fast Broadband,5985
65cac803e3a66e335d6a72614d8d35eec87893de171c370be475f23085f06f5e,2023-04-01,05 Newly OOC,0,0,14,FTTC,35,32.397818359375,Inbound,Fibre 35 (FTTC-OR),1332
2df91c630bc8d3482fe6b26130ae5d94820effac70251096029fdff42b6dfc62,2024-06-01,02 In Contract,1,1,-361,FTTC,65,56.3842734375,Online - Affiliate,Fibre 65 (FTTC-OR),1450
5b19356380bf12894575ae0957c53370c235a7e524c28766875f00620e8f9cba,2023-05-01,06 OOC,0,0,833,FTTC,40,34.992,Migrated Customer,Faster Fibre,5877
43c5c5f2592ca40f05fc2cb5732ba8522be99ca2b9d4bfc8268b2aa303b708cb,2024-06-01,05 Newly OOC,0,0,58,FTTC,65,79.998,Migrated Customer,Fibre 65 (FTTC-OR),5119
0f8f757ae2c733fb28a0fd99e3b762125810c0ce3b8e7f416708513b353741fe,2023-01-01,06 OOC,0,0,957,FTTC,40,39.968,Migrated Customer,Faster Fibre,5814
84e598cdfb9f0b163158f461ff7d52e027b9a8a898707de036dffdaec647bbb2,2023-12-01,02 In Contract,0,0,-392,FTTC,40,39.997,Migrated Customer,Faster Fibre,5971
f4d467c6ec8f49892a41fd3e0b5fae1e395603e5c5c2be7b25f081000a48b482,2022-08-01,06 OOC,0,0,3229,FTTC,35,31.534666015625,Migrated Customer,Fibre 35 (FTTC-OR),4653
095d5f0adc982fee764c35bb8f6752af4d432296c3a504fe159e7221758c9a93,2022-12-01,02 In Contract,0,0,-448,FTTC,35,39.026375,Online - Search,Fibre 35 (FTTC-OR),100
095d5f0adc982fee764c35bb8f6752af4d432296c3a504fe159e7221758c9a93,2023-09-01,02 In Contract,0,0,-174,FTTC,35,21.41469921875,Online - Search,Fibre 35 (FTTC-OR),374
eb89d4d3324cf1653509e450a3da9f8a9cfbe2b376ad5c7f40857c86e5c4c2e7,2024-05-01,05 Newly OOC,0,0,62,FTTC,65,48.999,Online - Search,Fibre 65 (FTTC-OR),608
413181d0680c5b6ff1a1e00196dc8f24ffec47714f0b55e6395bd234bd8d14aa,2023-04-01,01 Early Contract,0,0,-467,FTTC,65,67.4372734375,Online - Affiliate,Fibre 65 (FTTC-OR),610
e1e81a5cc9d06bed409119e9ecef243c56315d5271a97ce36fc22149d37a0acf,2024-09-01,01 Early Contract,0,0,-682,FTTC,35,39.997,Unknown,Fibre 35 (FTTC-OR),1704
2e5ed2e2db64db39c6c5c64aa349bf920f6826dcfe75c45d4a25d60385e07ad1,2022-10-01,02 In Contract,0,0,-127,FTTC,65,53.268,Online - Affiliate,Fibre 65 (FTTC-OR),421
0b9177d8570746e7f3c6f5a70a312fd2108d236caacc25c365a82fc6fe2b7b06,2023-01-01,02 In Contract,0,0,-397,FTTC,65,56.669,Online - Affiliate,Fibre 65 (FTTC-OR),668
75b1217140bb8ddc6bb3458315e10f58dcb4e7841517bb32b8bca149a1b832a6,2023-10-01,06 OOC,0,0,661,GFAST,150,0.0,Online - Affiliate,Fibre 150 (GFast-OR),1208
5b19356380bf12894575ae0957c53370c235a7e524c28766875f00620e8f9cba,2024-06-01,06 OOC,0,0,1230,FTTC,40,35.0,Migrated Customer,Faster Fibre,6274
3943ca4638ef87bc2ecc86c27775159b6e86d9f79d07a0c998b016249ba07655,2023-08-01,01 Early Contract,0,0,-658,FTTC,35,39.997,Migrated Customer,Fibre 35 (FTTC-OR),3093
182b2ab272bb0f5936ddef1b0ebc41ef7928a07be0356b0429927b27d7d87c67,2022-08-01,06 OOC,1,1,163,FTTC,40,51.12291796875,Partners,Faster Fibre,893
fe06ba4e6270757c21ab21aa0770d77d60ffc371df42b8c00ac37da159747194,2022-12-01,02 In Contract,0,0,-97,FTTC,35,39.069,Retail,Fibre 35 (FTTC-OR),2113
860b8b97a66b474c7fe9a761ab79e33131aa628e6d953cda2629957b1ebe5b37,2023-02-01,02 In Contract,0,0,-139,FTTC,65,34.999,Unknown,Fibre 65 (FTTC-OR),4220
fe06ba4e6270757c21ab21aa0770d77d60ffc371df42b8c00ac37da159747194,2024-02-01,06 OOC,0,0,330,FTTC,35,39.806,Retail,Fibre 35 (FTTC-OR),2540
78595457c0e13f4b46fab7892ee8c7270726b70d4b0b03413be5df9b4f6bc789,2023-08-01,06 OOC,0,0,544,FTTC,40,39.997,Partners,Faster Fibre,1092
4e474ec042cda8f2df61fa599acd5bdb2cad82d460d20c875a5b3dc0c6ce7c92,2022-10-01,02 In Contract,0,0,-262,FTTC,35,39.997,Partners,Fibre 35 (FTTC-OR),284
8b7445923a168558fcbf59968581d6a185f73250b1246c35c63517cea481bcc1,2023-01-01,02 In Contract,0,0,-213,FTTC,35,21.691916015625,Inbound,Fibre 35 (FTTC-OR),3118
83cc2e032ef2ef9184621674d8120442c65b8b3c87f43cc85f94cf7cfcae397e,2024-02-01,02 In Contract,0,0,-236,FTTC,65,27.399,Unknown,Fibre 65 (FTTC-OR),4942
0b9177d8570746e7f3c6f5a70a312fd2108d236caacc25c365a82fc6fe2b7b06,2022-10-01,01 Early Contract,0,0,-489,FTTC,65,56.669,Online - Affiliate,Fibre 65 (FTTC-OR),576
84e598cdfb9f0b163158f461ff7d52e027b9a8a898707de036dffdaec647bbb2,2024-07-01,02 In Contract,0,0,-179,FTTC,40,39.997,Migrated Customer,Faster Fibre,6184
5b19356380bf12894575ae0957c53370c235a7e524c28766875f00620e8f9cba,2023-01-01,06 OOC,0,0,713,FTTC,40,34.992,Migrated Customer,Faster Fibre,5757
c0d55e7207c5bb2dd46f229e97401372073249d8db6bb6c1d2e54092adad77a9,2023-04-01,02 In Contract,0,0,-173,FTTC,65,78.5925,Partners,Fibre 65 (FTTC-OR),917
40eb4c21a3ec2c02572246f560410411a95488c6f701630bbc3e37b3cc2b6564,2023-07-01,03 Soon to be OOC,0,0,-79,FTTC,65,79.992,Unknown,Fibre 65 (FTTC-OR),4495
8b7445923a168558fcbf59968581d6a185f73250b1246c35c63517cea481bcc1,2024-06-01,06 OOC,0,0,304,FTTC,35,39.781,Inbound,Fibre 35 (FTTC-OR),3635
1deb0ee2e943da6c2640092dc4ad5f3abc6a9417af9da7d5c7eef385248baf84,2023-01-01,02 In Contract,0,0,-418,FTTC,65,74.0,Online - Affiliate,Fibre 65 (FTTC-OR),1279
83cc2e032ef2ef9184621674d8120442c65b8b3c87f43cc85f94cf7cfcae397e,2024-09-01,04 Coming OOC,0,0,-23,FTTC,65,29.999,Unknown,Fibre 65 (FTTC-OR),5155
75b1217140bb8ddc6bb3458315e10f58dcb4e7841517bb32b8bca149a1b832a6,2022-10-01,06 OOC,0,0,296,GFAST,150,147.101,Online - Affiliate,Fibre 150 (GFast-OR),843
8f676110ebcb784b3874a951104b7118bed193ef8e2c637aac8c565ac823abef,2023-09-01,03 Soon to be OOC,0,0,-41,FTTC,65,52.82669921875,Partners,Fibre 65 (FTTC-OR),506
43c5c5f2592ca40f05fc2cb5732ba8522be99ca2b9d4bfc8268b2aa303b708cb,2023-05-01,02 In Contract,0,0,-339,FTTC,65,72.956453125,Migrated Customer,Fibre 65 (FTTC-OR),4722
eb89d4d3324cf1653509e450a3da9f8a9cfbe2b376ad5c7f40857c86e5c4c2e7,2023-07-01,02 In Contract,0,0,-243,FTTC,65,12.882,Online - Search,Fibre 65 (FTTC-OR),303
09489001d45b26b33bf41cfd702fe33acac720642f3a8c2b282b08d5373781a3,2023-10-01,06 OOC,0,0,115,FTTC,65,45.098,Retail,Fibre 65 (FTTC-OR),1398
4e474ec042cda8f2df61fa599acd5bdb2cad82d460d20c875a5b3dc0c6ce7c92,2022-11-01,02 In Contract,0,0,-231,FTTC,35,39.997,Partners,Fibre 35 (FTTC-OR),315
6472a9da95a49abb30c83a833d4facbebbcd6657aa11d443d8fa3cd0365b5739,2024-03-01,01 Early Contract,0,0,-713,FTTC,35,32.399,Online - Affiliate,Fibre 35 (FTTC-OR),1257
eb89d4d3324cf1653509e450a3da9f8a9cfbe2b376ad5c7f40857c86e5c4c2e7,2023-03-01,02 In Contract,0,0,-365,FTTC,65,15.768,Online - Search,Fibre 65 (FTTC-OR),181
78595457c0e13f4b46fab7892ee8c7270726b70d4b0b03413be5df9b4f6bc789,2024-05-01,06 OOC,0,0,818,FTTC,40,39.997,Partners,Faster Fibre,1366
6472a9da95a49abb30c83a833d4facbebbcd6657aa11d443d8fa3cd0365b5739,2022-09-01,04 Coming OOC,0,0,-28,FTTC,35,34.948,Online - Affiliate,Fibre 35 (FTTC-OR),710
4b05b4c9a1e78ce07098dbd2547c2557cb64805b76ca321954171fd1fced6c2e,2022-11-01,01 Early Contract,0,0,-716,FTTC,65,42.49033203125,Retail,Fibre 65 (FTTC-OR),1421
e1e81a5cc9d06bed409119e9ecef243c56315d5271a97ce36fc22149d37a0acf,2023-04-01,06 OOC,0,0,639,FTTC,40,39.996,Unknown,Faster Fibre,1185
1f91cd418d6d9f4afb9958632b7d2327ab009b2817656a79edc72f080997eb03,2023-08-01,03 Soon to be OOC,0,0,-80,FTTC,65,79.978,Partners,Fibre 65 (FTTC-OR),467
a068f22c6b859a8a67c7d763845d23ebe74206212d41367402e3255acd74ac36,2024-01-01,06 OOC,0,0,1837,FTTC,35,15.294,Unknown,Fibre 35 (FTTC-OR),3673
09489001d45b26b33bf41cfd702fe33acac720642f3a8c2b282b08d5373781a3,2022-12-01,02 In Contract,0,0,-189,FTTC,65,40.376,Retail,Fibre 65 (FTTC-OR),1094
413181d0680c5b6ff1a1e00196dc8f24ffec47714f0b55e6395bd234bd8d14aa,2024-05-01,03 Soon to be OOC,0,0,-71,FTTC,65,72.694,Online - Affiliate,Fibre 65 (FTTC-OR),1006
df8ec98f954cca4bd90fdfe8944a4b086c3cb3d31f6f29b8b08501c4c29a334e,2022-11-01,06 OOC,0,0,142,FTTC,35,0.0,Online - Affiliate,Fibre 35 (FTTC-OR),1243
83cc2e032ef2ef9184621674d8120442c65b8b3c87f43cc85f94cf7cfcae397e,2023-05-01,01 Early Contract,0,0,-512,FTTC,65,27.396,Unknown,Fibre 65 (FTTC-OR),4666
75b1217140bb8ddc6bb3458315e10f58dcb4e7841517bb32b8bca149a1b832a6,2023-06-01,06 OOC,0,0,539,GFAST,150,144.99578125,Online - Affiliate,Fibre 150 (GFast-OR),1086
fe06ba4e6270757c21ab21aa0770d77d60ffc371df42b8c00ac37da159747194,2023-03-01,04 Coming OOC,0,0,-7,FTTC,35,39.806,Retail,Fibre 35 (FTTC-OR),2203
78595457c0e13f4b46fab7892ee8c7270726b70d4b0b03413be5df9b4f6bc789,2023-10-01,06 OOC,0,0,605,FTTC,40,39.997,Partners,Faster Fibre,1153
c96d030d735d324dc4e422a0045b6c8e7821f385e558e5d70228c3430b946f1c,2023-02-01,02 In Contract,0,0,-123,FTTC,35,39.999,Retail,Fibre 35 (FTTC-OR),2137
40eb4c21a3ec2c02572246f560410411a95488c6f701630bbc3e37b3cc2b6564,2024-09-01,06 OOC,0,0,349,FTTC,65,79.998,Unknown,Fibre 65 (FTTC-OR),4923
f4d467c6ec8f49892a41fd3e0b5fae1e395603e5c5c2be7b25f081000a48b482,2022-09-01,06 OOC,0,0,3260,FTTC,35,28.852,Migrated Customer,Fibre 35 (FTTC-OR),4684
0b9177d8570746e7f3c6f5a70a312fd2108d236caacc25c365a82fc6fe2b7b06,2023-02-01,02 In Contract,0,0,-366,FTTC,65,56.669,Online - Affiliate,Fibre 65 (FTTC-OR),699
df8ec98f954cca4bd90fdfe8944a4b086c3cb3d31f6f29b8b08501c4c29a334e,2023-10-01,06 OOC,0,0,476,FTTC,35,0.0,Online - Affiliate,Fibre 35 (FTTC-OR),1577
860b8b97a66b474c7fe9a761ab79e33131aa628e6d953cda2629957b1ebe5b37,2022-11-01,02 In Contract,0,0,-231,FTTC,65,39.999,Unknown,Fibre 65 (FTTC-OR),4128
f8f0c4a31b3b3280f60e792f8022a704a9c0588f179f84cdafee8ef2e32d15f2,2023-01-01,02 In Contract,0,0,-232,GFAST,150,89.99325,Online - Affiliate,Fibre 150 (GFast-OR),1585
f4c7dda5d44935343074ed8b127608a13bcef4144452fa622ce2d46463c6da7e,2024-09-01,06 OOC,0,0,653,GFAST,150,159.83190625,Online - Affiliate,Fibre 150 (GFast-OR),1509
65cac803e3a66e335d6a72614d8d35eec87893de171c370be475f23085f06f5e,2023-11-01,02 In Contract,0,0,-335,GFAST,150,159.795625,Inbound,Fibre 150 (GFast-OR),1546
8b7445923a168558fcbf59968581d6a185f73250b1246c35c63517cea481bcc1,2023-02-01,02 In Contract,0,0,-182,FTTC,35,29.675,Inbound,Fibre 35 (FTTC-OR),3149
5b19356380bf12894575ae0957c53370c235a7e524c28766875f00620e8f9cba,2024-05-01,06 OOC,0,0,1199,FTTC,40,35.0,Migrated Customer,Faster Fibre,6243
0b9177d8570746e7f3c6f5a70a312fd2108d236caacc25c365a82fc6fe2b7b06,2022-12-01,02 In Contract,0,0,-428,FTTC,65,56.669,Online - Affiliate,Fibre 65 (FTTC-OR),637
3943ca4638ef87bc2ecc86c27775159b6e86d9f79d07a0c998b016249ba07655,2022-09-01,02 In Contract,0,0,-292,FTTC,35,39.997,Migrated Customer,Fibre 35 (FTTC-OR),2759
df8ec98f954cca4bd90fdfe8944a4b086c3cb3d31f6f29b8b08501c4c29a334e,2023-07-01,06 OOC,0,0,384,FTTC,35,0.0,Online - Affiliate,Fibre 35 (FTTC-OR),1485
860b8b97a66b474c7fe9a761ab79e33131aa628e6d953cda2629957b1ebe5b37,2024-01-01,01 Early Contract,0,0,-719,FTTC,65,39.999,Unknown,Fibre 65 (FTTC-OR),4554
b8f4fb33be9fe204b9de079931dc398e3ba6af441d556ca950e28ed672f5708d,2023-05-01,06 OOC,0,0,137,FTTC,35,40.0,Retail,Fibre 35 (FTTC-OR),2504
c509aad6caea2efa86075c5b8c4888d77ca0f6fcd30f94a375684d654a3adce4,2024-06-01,02 In Contract,0,0,-442,MPF,18,0.0,Migrated Customer,Fast Broadband,6290
fe06ba4e6270757c21ab21aa0770d77d60ffc371df42b8c00ac37da159747194,2024-05-01,06 OOC,0,0,420,FTTC,35,39.806,Retail,Fibre 35 (FTTC-OR),2630
75b1217140bb8ddc6bb3458315e10f58dcb4e7841517bb32b8bca149a1b832a6,2022-11-01,06 OOC,0,0,327,GFAST,150,147.884578125,Online - Affiliate,Fibre 150 (GFast-OR),874
43c5c5f2592ca40f05fc2cb5732ba8522be99ca2b9d4bfc8268b2aa303b708cb,2022-12-01,01 Early Contract,0,0,-490,FTTC,65,74.0,Migrated Customer,Fibre 65 (FTTC-OR),4571
df8ec98f954cca4bd90fdfe8944a4b086c3cb3d31f6f29b8b08501c4c29a334e,2023-03-01,06 OOC,0,0,262,FTTC,35,0.0,Online - Affiliate,Fibre 35 (FTTC-OR),1363
4e474ec042cda8f2df61fa599acd5bdb2cad82d460d20c875a5b3dc0c6ce7c92,2023-01-01,02 In Contract,0,0,-170,FTTC,35,39.997,Partners,Fibre 35 (FTTC-OR),376
2f55b115e4d8a071a213d3fc49002528b2f92229c554aa603415547793b3e4bc,2023-07-01,06 OOC,0,0,331,FTTC,65,54.999,Migrated Customer,Fibre 65 (FTTC-OR),5920
d34f586fd9e7d0c9163447865fe3d151340d92694d870602c8954a2c1dfb8a24,2022-09-01,02 In Contract,0,0,-218,FTTC,65,79.999,Online - Search,Fibre 65 (FTTC-OR),511
db6306555807649ba084ad7191708c64382856ac4cd364f379530436757cab25,2022-09-01,06 OOC,0,0,321,FTTC,40,39.939,Online - Search,Faster Fibre,868
5b19356380bf12894575ae0957c53370c235a7e524c28766875f00620e8f9cba,2022-12-01,06 OOC,0,0,682,FTTC,40,34.992,Migrated Customer,Faster Fibre,5726
09489001d45b26b33bf41cfd702fe33acac720642f3a8c2b282b08d5373781a3,2023-06-01,04 Coming OOC,0,0,-7,FTTC,65,40.276,Retail,Fibre 65 (FTTC-OR),1276
40eb4c21a3ec2c02572246f560410411a95488c6f701630bbc3e37b3cc2b6564,2022-08-01,02 In Contract,0,0,-413,FTTC,65,79.992,Unknown,Fibre 65 (FTTC-OR),4161
2df91c630bc8d3482fe6b26130ae5d94820effac70251096029fdff42b6dfc62,2023-05-01,03 Soon to be OOC,0,0,-48,FTTC,65,66.999,Online - Affiliate,Fibre 65 (FTTC-OR),1053
fe06ba4e6270757c21ab21aa0770d77d60ffc371df42b8c00ac37da159747194,2023-12-01,06 OOC,0,0,268,FTTC,35,39.806,Retail,Fibre 35 (FTTC-OR),2478
c509aad6caea2efa86075c5b8c4888d77ca0f6fcd30f94a375684d654a3adce4,2022-10-01,05 Newly OOC,0,0,79,MPF,18,0.0,Migrated Customer,Fast Broadband,5681
0f8f757ae2c733fb28a0fd99e3b762125810c0ce3b8e7f416708513b353741fe,2024-01-01,06 OOC,0,0,1322,FTTC,40,39.999,Migrated Customer,Faster Fibre,6179
ca0287834bcfb91017d8a43edaed26498daa4ca061bf29d897073e3eb751e171,2022-08-01,02 In Contract,0,0,-309,FTTC,65,61.24333203125,Online - Search,Fibre 65 (FTTC-OR),670
860b8b97a66b474c7fe9a761ab79e33131aa628e6d953cda2629957b1ebe5b37,2022-08-01,02 In Contract,0,0,-323,FTTC,65,34.999,Unknown,Fibre 65 (FTTC-OR),4036
2df91c630bc8d3482fe6b26130ae5d94820effac70251096029fdff42b6dfc62,2023-11-01,06 OOC,0,0,136,FTTC,65,34.999,Online - Affiliate,Fibre 65 (FTTC-OR),1237
d34f586fd9e7d0c9163447865fe3d151340d92694d870602c8954a2c1dfb8a24,2023-03-01,03 Soon to be OOC,0,0,-37,FTTC,65,79.999,Online - Search,Fibre 65 (FTTC-OR),692
78595457c0e13f4b46fab7892ee8c7270726b70d4b0b03413be5df9b4f6bc789,2024-08-01,06 OOC,0,0,910,FTTC,40,39.997,Partners,Faster Fibre,1458
98890cd1dab71729707c03ed024528f8298fd368b3de09f9ed6b1e5e5b5aac95,2022-11-01,06 OOC,0,0,144,FTTC,65,0.0,Inbound,Fibre 65 (FTTC-OR),3509
1deb0ee2e943da6c2640092dc4ad5f3abc6a9417af9da7d5c7eef385248baf84,2023-09-01,02 In Contract,0,0,-175,FTTC,65,74.0,Online - Affiliate,Fibre 65 (FTTC-OR),1522
860b8b97a66b474c7fe9a761ab79e33131aa628e6d953cda2629957b1ebe5b37,2023-01-01,02 In Contract,0,0,-170,FTTC,65,34.999,Unknown,Fibre 65 (FTTC-OR),4189
0b9177d8570746e7f3c6f5a70a312fd2108d236caacc25c365a82fc6fe2b7b06,2023-12-01,03 Soon to be OOC,0,0,-63,FTTC,65,53.183,Online - Affiliate,Fibre 65 (FTTC-OR),1002
d34f586fd9e7d0c9163447865fe3d151340d92694d870602c8954a2c1dfb8a24,2024-01-01,02 In Contract,0,0,-465,FTTC,65,79.999,Online - Search,Fibre 65 (FTTC-OR),998
d34f586fd9e7d0c9163447865fe3d151340d92694d870602c8954a2c1dfb8a24,2023-12-01,02 In Contract,0,0,-496,FTTC,65,79.999,Online - Search,Fibre 65 (FTTC-OR),967
836edb40f715fc636480bc0648dfb85d05eb24848c8170a41df24d3270537b8a,2022-09-01,02 In Contract,0,0,-392,FTTC,65,79.999,Migrated Customer,Fibre 65 (FTTC-OR),5279
fe06ba4e6270757c21ab21aa0770d77d60ffc371df42b8c00ac37da159747194,2024-09-01,06 OOC,0,0,543,FTTC,35,39.806,Retail,Fibre 35 (FTTC-OR),2753
fe06ba4e6270757c21ab21aa0770d77d60ffc371df42b8c00ac37da159747194,2022-11-01,02 In Contract,0,0,-127,FTTC,35,38.853,Retail,Fibre 35 (FTTC-OR),2083
c0d55e7207c5bb2dd46f229e97401372073249d8db6bb6c1d2e54092adad77a9,2023-10-01,05 Newly OOC,0,0,10,FTTC,65,71.54,Partners,Fibre 65 (FTTC-OR),1100
84e598cdfb9f0b163158f461ff7d52e027b9a8a898707de036dffdaec647bbb2,2024-09-01,02 In Contract,0,0,-117,FTTC,40,39.997,Migrated Customer,Faster Fibre,6246
78595457c0e13f4b46fab7892ee8c7270726b70d4b0b03413be5df9b4f6bc789,2022-10-01,06 OOC,0,0,240,FTTC,40,39.997,Partners,Faster Fibre,788
c0d55e7207c5bb2dd46f229e97401372073249d8db6bb6c1d2e54092adad77a9,2023-06-01,02 In Contract,0,0,-112,FTTC,65,75.031,Partners,Fibre 65 (FTTC-OR),978
f4c7dda5d44935343074ed8b127608a13bcef4144452fa622ce2d46463c6da7e,2023-05-01,06 OOC,0,0,164,GFAST,150,159.912265625,Online - Affiliate,Fibre 150 (GFast-OR),1020
0b9177d8570746e7f3c6f5a70a312fd2108d236caacc25c365a82fc6fe2b7b06,2024-06-01,06 OOC,0,0,120,FTTC,65,52.805,Online - Affiliate,Fibre 65 (FTTC-OR),1185
75b1217140bb8ddc6bb3458315e10f58dcb4e7841517bb32b8bca149a1b832a6,2023-02-01,06 OOC,0,0,419,GFAST,150,155.31225,Online - Affiliate,Fibre 150 (GFast-OR),966
b8f4fb33be9fe204b9de079931dc398e3ba6af441d556ca950e28ed672f5708d,2024-05-01,06 OOC,1,1,503,FTTC,35,39.999,Retail,Fibre 35 (FTTC-OR),2870
84e598cdfb9f0b163158f461ff7d52e027b9a8a898707de036dffdaec647bbb2,2023-03-01,06 OOC,0,0,375,FTTC,40,39.997,Migrated Customer,Faster Fibre,5696
0f8f757ae2c733fb28a0fd99e3b762125810c0ce3b8e7f416708513b353741fe,2024-08-01,06 OOC,0,0,1535,FTTC,40,39.999,Migrated Customer,Faster Fibre,6392
c96d030d735d324dc4e422a0045b6c8e7821f385e558e5d70228c3430b946f1c,2024-05-01,02 In Contract,0,0,-362,FTTC,35,0.0,Retail,Fibre 35 (FTTC-OR),2592
b8f4fb33be9fe204b9de079931dc398e3ba6af441d556ca950e28ed672f5708d,2022-08-01,02 In Contract,0,0,-136,FTTC,35,40.0,Retail,Fibre 35 (FTTC-OR),2231
eb89d4d3324cf1653509e450a3da9f8a9cfbe2b376ad5c7f40857c86e5c4c2e7,2023-02-01,02 In Contract,0,0,-393,FTTC,65,29.233,Online - Search,Fibre 65 (FTTC-OR),153
3943ca4638ef87bc2ecc86c27775159b6e86d9f79d07a0c998b016249ba07655,2023-02-01,02 In Contract,0,0,-139,FTTC,35,39.997,Migrated Customer,Fibre 35 (FTTC-OR),2912
c96d030d735d324dc4e422a0045b6c8e7821f385e558e5d70228c3430b946f1c,2022-08-01,02 In Contract,0,0,-307,FTTC,35,40.0,Retail,Fibre 35 (FTTC-OR),1953
d34f586fd9e7d0c9163447865fe3d151340d92694d870602c8954a2c1dfb8a24,2023-07-01,01 Early Contract,0,0,-649,FTTC,65,79.999,Online - Search,Fibre 65 (FTTC-OR),814
8970fd42d2595dc063a823e416e5bb795a555bb6e31d72d8fd53b8af2e2405c5,2022-12-01,01 Early Contract,0,0,-285,FTTC,65,78.2575,Webchat,Fibre 65 (FTTC-OR),79
413181d0680c5b6ff1a1e00196dc8f24ffec47714f0b55e6395bd234bd8d14aa,2023-01-01,04 Coming OOC,0,0,-28,FTTC,65,68.53525,Online - Affiliate,Fibre 65 (FTTC-OR),520
ca0287834bcfb91017d8a43edaed26498daa4ca061bf29d897073e3eb751e171,2024-06-01,02 In Contract,0,0,-422,FTTC,65,65.314546875,Online - Search,Fibre 65 (FTTC-OR),1340
f4d467c6ec8f49892a41fd3e0b5fae1e395603e5c5c2be7b25f081000a48b482,2024-06-01,06 OOC,0,0,3899,FTTC,35,39.999,Migrated Customer,Fibre 35 (FTTC-OR),5323
ca0287834bcfb91017d8a43edaed26498daa4ca061bf29d897073e3eb751e171,2023-02-01,02 In Contract,0,0,-125,FTTC,65,57.3915,Online - Search,Fibre 65 (FTTC-OR),854
f4c7dda5d44935343074ed8b127608a13bcef4144452fa622ce2d46463c6da7e,2023-06-01,06 OOC,0,0,195,GFAST,150,159.87421875,Online - Affiliate,Fibre 150 (GFast-OR),1051
ca0287834bcfb91017d8a43edaed26498daa4ca061bf29d897073e3eb751e171,2024-08-01,02 In Contract,0,0,-361,FTTC,65,64.6825,Online - Search,Fibre 65 (FTTC-OR),1401
98890cd1dab71729707c03ed024528f8298fd368b3de09f9ed6b1e5e5b5aac95,2022-09-01,05 Newly OOC,0,0,83,FTTC,65,0.0,Inbound,Fibre 65 (FTTC-OR),3448
095d5f0adc982fee764c35bb8f6752af4d432296c3a504fe159e7221758c9a93,2024-05-01,01 Early Contract,0,0,-471,FTTC,35,21.355,Online - Search,Fibre 35 (FTTC-OR),617
860b8b97a66b474c7fe9a761ab79e33131aa628e6d953cda2629957b1ebe5b37,2023-05-01,03 Soon to be OOC,0,0,-50,FTTC,65,35.71328515625,Unknown,Fibre 65 (FTTC-OR),4309
eb89d4d3324cf1653509e450a3da9f8a9cfbe2b376ad5c7f40857c86e5c4c2e7,2023-06-01,02 In Contract,0,0,-273,FTTC,65,36.003,Online - Search,Fibre 65 (FTTC-OR),273
c509aad6caea2efa86075c5b8c4888d77ca0f6fcd30f94a375684d654a3adce4,2024-08-01,02 In Contract,0,0,-381,MPF,18,0.0,Migrated Customer,Fast Broadband,6351
40eb4c21a3ec2c02572246f560410411a95488c6f701630bbc3e37b3cc2b6564,2024-03-01,06 OOC,0,0,165,FTTC,65,79.998,Unknown,Fibre 65 (FTTC-OR),4739
5b19356380bf12894575ae0957c53370c235a7e524c28766875f00620e8f9cba,2023-04-01,06 OOC,0,0,803,FTTC,40,34.992,Migrated Customer,Faster Fibre,5847
0b9177d8570746e7f3c6f5a70a312fd2108d236caacc25c365a82fc6fe2b7b06,2024-07-01,06 OOC,0,0,150,FTTC,65,53.5955,Online - Affiliate,Fibre 65 (FTTC-OR),1215
d34f586fd9e7d0c9163447865fe3d151340d92694d870602c8954a2c1dfb8a24,2024-09-01,02 In Contract,0,0,-221,FTTC,65,64.08991015625,Online - Search,Fibre 65 (FTTC-OR),1242
c509aad6caea2efa86075c5b8c4888d77ca0f6fcd30f94a375684d654a3adce4,2022-09-01,05 Newly OOC,0,0,49,MPF,18,0.0,Migrated Customer,Fast Broadband,5651
09489001d45b26b33bf41cfd702fe33acac720642f3a8c2b282b08d5373781a3,2023-05-01,03 Soon to be OOC,0,0,-38,FTTC,65,40.612,Retail,Fibre 65 (FTTC-OR),1245
4b05b4c9a1e78ce07098dbd2547c2557cb64805b76ca321954171fd1fced6c2e,2024-07-01,02 In Contract,0,0,-108,FTTC,65,42.623,Retail,Fibre 65 (FTTC-OR),2029
eca84e5bd4f4eb9a693f483ad98c24af59a61de9cab23fdc75bccd34c511407f,2023-06-01,02 In Contract,0,0,-463,FTTC,65,79.999,Online - Search,Fibre 65 (FTTC-OR),1225
f8f0c4a31b3b3280f60e792f8022a704a9c0588f179f84cdafee8ef2e32d15f2,2022-09-01,02 In Contract,0,0,-354,GFAST,150,75.5333359375,Online - Affiliate,Fibre 150 (GFast-OR),1463
413181d0680c5b6ff1a1e00196dc8f24ffec47714f0b55e6395bd234bd8d14aa,2024-04-01,02 In Contract,0,0,-101,FTTC,65,72.287,Online - Affiliate,Fibre 65 (FTTC-OR),976
09489001d45b26b33bf41cfd702fe33acac720642f3a8c2b282b08d5373781a3,2023-01-01,02 In Contract,0,0,-158,FTTC,65,40.844,Retail,Fibre 65 (FTTC-OR),1125
4e474ec042cda8f2df61fa599acd5bdb2cad82d460d20c875a5b3dc0c6ce7c92,2022-12-01,02 In Contract,0,0,-201,FTTC,35,39.997,Partners,Fibre 35 (FTTC-OR),345
3943ca4638ef87bc2ecc86c27775159b6e86d9f79d07a0c998b016249ba07655,2022-12-01,02 In Contract,0,0,-201,FTTC,35,39.997,Migrated Customer,Fibre 35 (FTTC-OR),2850
1f91cd418d6d9f4afb9958632b7d2327ab009b2817656a79edc72f080997eb03,2022-08-01,02 In Contract,0,0,-445,FTTC,65,79.998,Partners,Fibre 65 (FTTC-OR),102
c96d030d735d324dc4e422a0045b6c8e7821f385e558e5d70228c3430b946f1c,2023-07-01,01 Early Contract,0,0,-667,FTTC,35,0.0,Retail,Fibre 35 (FTTC-OR),2287
a068f22c6b859a8a67c7d763845d23ebe74206212d41367402e3255acd74ac36,2023-09-01,06 OOC,0,0,1715,FTTC,35,12.721,Unknown,Fibre 35 (FTTC-OR),3551
a068f22c6b859a8a67c7d763845d23ebe74206212d41367402e3255acd74ac36,2022-09-01,06 OOC,0,0,1350,FTTC,35,18.171,Unknown,Fibre 35 (FTTC-OR),3186
84e598cdfb9f0b163158f461ff7d52e027b9a8a898707de036dffdaec647bbb2,2023-11-01,02 In Contract,0,0,-422,FTTC,40,39.997,Migrated Customer,Faster Fibre,5941
eca84e5bd4f4eb9a693f483ad98c24af59a61de9cab23fdc75bccd34c511407f,2024-07-01,03 Soon to be OOC,0,0,-67,FTTC,65,79.999078125,Online - Search,Fibre 65 (FTTC-OR),1621
98890cd1dab71729707c03ed024528f8298fd368b3de09f9ed6b1e5e5b5aac95,2023-09-01,06 OOC,0,0,448,FTTC,65,0.0,Inbound,Fibre 65 (FTTC-OR),3813
f4d467c6ec8f49892a41fd3e0b5fae1e395603e5c5c2be7b25f081000a48b482,2023-07-01,06 OOC,0,0,3563,FTTC,35,30.576,Migrated Customer,Fibre 35 (FTTC-OR),4987
e1e81a5cc9d06bed409119e9ecef243c56315d5271a97ce36fc22149d37a0acf,2023-02-01,06 OOC,0,0,580,FTTC,40,39.996,Unknown,Faster Fibre,1126
c96d030d735d324dc4e422a0045b6c8e7821f385e558e5d70228c3430b946f1c,2023-03-01,02 In Contract,0,0,-95,FTTC,35,40.0,Retail,Fibre 35 (FTTC-OR),2165
8f676110ebcb784b3874a951104b7118bed193ef8e2c637aac8c565ac823abef,2023-02-01,02 In Contract,0,0,-253,FTTC,65,60.3705,Partners,Fibre 65 (FTTC-OR),294
2e5ed2e2db64db39c6c5c64aa349bf920f6826dcfe75c45d4a25d60385e07ad1,2023-03-01,05 Newly OOC,0,0,24,FTTC,65,0.0,Online - Affiliate,Fibre 65 (FTTC-OR),572
095d5f0adc982fee764c35bb8f6752af4d432296c3a504fe159e7221758c9a93,2024-06-01,02 In Contract,0,0,-440,FTTC,35,32.4,Online - Search,Fibre 35 (FTTC-OR),648
eb89d4d3324cf1653509e450a3da9f8a9cfbe2b376ad5c7f40857c86e5c4c2e7,2022-10-01,01 Early Contract,0,0,-516,FTTC,65,40.872,Online - Search,Fibre 65 (FTTC-OR),30
ca0287834bcfb91017d8a43edaed26498daa4ca061bf29d897073e3eb751e171,2022-12-01,02 In Contract,0,0,-187,FTTC,65,61.408,Online - Search,Fibre 65 (FTTC-OR),792
8f676110ebcb784b3874a951104b7118bed193ef8e2c637aac8c565ac823abef,2023-03-01,02 In Contract,0,0,-225,FTTC,65,59.53175,Partners,Fibre 65 (FTTC-OR),322
2df91c630bc8d3482fe6b26130ae5d94820effac70251096029fdff42b6dfc62,2023-02-01,02 In Contract,0,0,-137,FTTC,65,39.998,Online - Affiliate,Fibre 65 (FTTC-OR),964
3943ca4638ef87bc2ecc86c27775159b6e86d9f79d07a0c998b016249ba07655,2023-09-01,02 In Contract,0,0,-627,FTTC,35,39.997,Migrated Customer,Fibre 35 (FTTC-OR),3124
4b05b4c9a1e78ce07098dbd2547c2557cb64805b76ca321954171fd1fced6c2e,2024-03-01,02 In Contract,0,0,-230,FTTC,65,44.874,Retail,Fibre 65 (FTTC-OR),1907
4b05b4c9a1e78ce07098dbd2547c2557cb64805b76ca321954171fd1fced6c2e,2023-01-01,01 Early Contract,0,0,-655,FTTC,65,42.855,Retail,Fibre 65 (FTTC-OR),1482
f4c7dda5d44935343074ed8b127608a13bcef4144452fa622ce2d46463c6da7e,2024-03-01,06 OOC,0,0,469,GFAST,150,159.91078125,Online - Affiliate,Fibre 150 (GFast-OR),1325
8f676110ebcb784b3874a951104b7118bed193ef8e2c637aac8c565ac823abef,2022-08-01,02 In Contract,0,0,-437,FTTC,65,57.46291796875,Partners,Fibre 65 (FTTC-OR),110
8f676110ebcb784b3874a951104b7118bed193ef8e2c637aac8c565ac823abef,2023-10-01,04 Coming OOC,0,0,-11,FTTC,65,0.0,Partners,Fibre 65 (FTTC-OR),536
a068f22c6b859a8a67c7d763845d23ebe74206212d41367402e3255acd74ac36,2022-08-01,06 OOC,0,0,1319,FTTC,35,19.973,Unknown,Fibre 35 (FTTC-OR),3155
f4c7dda5d44935343074ed8b127608a13bcef4144452fa622ce2d46463c6da7e,2023-04-01,06 OOC,0,0,134,GFAST,150,159.892,Online - Affiliate,Fibre 150 (GFast-OR),990
62f689100485d8d4738734be2e60b4051b7036dd3d1f20aa6c77859353109a21,2022-08-01,02 In Contract,1,0,-118,GFAST,150,159.894734375,Online - Search,Fibre 150 (GFast-OR),430
09489001d45b26b33bf41cfd702fe33acac720642f3a8c2b282b08d5373781a3,2023-11-01,06 OOC,0,0,146,FTTC,65,45.462,Retail,Fibre 65 (FTTC-OR),1429
4d994624c7349bd4d9fb2016cb35ac14d50ee8595fb73dc7d7400f2fd5714f9e,2022-12-01,06 OOC,0,0,1025,FTTC,40,40.0,Migrated Customer,Faster Fibre,5411
4d994624c7349bd4d9fb2016cb35ac14d50ee8595fb73dc7d7400f2fd5714f9e,2023-06-01,06 OOC,0,0,1207,FTTC,40,0.0,Migrated Customer,Faster Fibre,5593
75b1217140bb8ddc6bb3458315e10f58dcb4e7841517bb32b8bca149a1b832a6,2023-12-01,06 OOC,0,0,722,GFAST,150,0.0,Online - Affiliate,Fibre 150 (GFast-OR),1269
ca0287834bcfb91017d8a43edaed26498daa4ca061bf29d897073e3eb751e171,2023-06-01,04 Coming OOC,0,0,-5,FTTC,65,57.852,Online - Search,Fibre 65 (FTTC-OR),974
c0d55e7207c5bb2dd46f229e97401372073249d8db6bb6c1d2e54092adad77a9,2022-11-01,02 In Contract,0,0,-324,FTTC,65,79.9975703125,Partners,Fibre 65 (FTTC-OR),766
c96d030d735d324dc4e422a0045b6c8e7821f385e558e5d70228c3430b946f1c,2022-12-01,02 In Contract,0,0,-185,FTTC,35,40.0,Retail,Fibre 35 (FTTC-OR),2075
75b1217140bb8ddc6bb3458315e10f58dcb4e7841517bb32b8bca149a1b832a6,2022-09-01,06 OOC,0,0,266,GFAST,150,146.732,Online - Affiliate,Fibre 150 (GFast-OR),813
413181d0680c5b6ff1a1e00196dc8f24ffec47714f0b55e6395bd234bd8d14aa,2023-07-01,02 In Contract,0,0,-376,FTTC,65,68.419,Online - Affiliate,Fibre 65 (FTTC-OR),701
8b7445923a168558fcbf59968581d6a185f73250b1246c35c63517cea481bcc1,2024-03-01,06 OOC,0,0,212,FTTC,35,38.539125,Inbound,Fibre 35 (FTTC-OR),3543
836edb40f715fc636480bc0648dfb85d05eb24848c8170a41df24d3270537b8a,2024-02-01,02 In Contract,0,0,-392,FTTC,65,79.999,Migrated Customer,Fibre 65 (FTTC-OR),5797
065ef94f96807115ebe0aa89ab064cdc404e0734f161842190825b8d042a30ac,2024-07-01,02 In Contract,0,0,-117,FTTC,35,39.4634609375,Online - Affiliate,Fibre 35 (FTTC-OR),1176
95837c5069ff9a48addb1c5fdcdf64c31cc2330aa028c8df49255e3232501349,2022-09-01,03 Soon to be OOC,0,0,-64,FTTC,65,55.684,Online - Affiliate,Fibre 65 (FTTC-OR),1647
6472a9da95a49abb30c83a833d4facbebbcd6657aa11d443d8fa3cd0365b5739,2024-04-01,01 Early Contract,0,0,-682,FTTC,35,32.399,Online - Affiliate,Fibre 35 (FTTC-OR),1288
09489001d45b26b33bf41cfd702fe33acac720642f3a8c2b282b08d5373781a3,2024-03-01,06 OOC,0,0,267,FTTC,65,46.283,Retail,Fibre 65 (FTTC-OR),1550
860b8b97a66b474c7fe9a761ab79e33131aa628e6d953cda2629957b1ebe5b37,2023-12-01,02 In Contract,0,0,-539,FTTC,65,34.999,Unknown,Fibre 65 (FTTC-OR),4523
78595457c0e13f4b46fab7892ee8c7270726b70d4b0b03413be5df9b4f6bc789,2023-02-01,06 OOC,0,0,363,FTTC,40,39.997,Partners,Faster Fibre,911
c96d030d735d324dc4e422a0045b6c8e7821f385e558e5d70228c3430b946f1c,2023-05-01,01 Early Contract,0,0,-728,FTTC,35,0.0,Retail,Fibre 35 (FTTC-OR),2226
065ef94f96807115ebe0aa89ab064cdc404e0734f161842190825b8d042a30ac,2023-10-01,02 In Contract,0,0,-391,FTTC,35,37.16908203125,Online - Affiliate,Fibre 35 (FTTC-OR),902
98890cd1dab71729707c03ed024528f8298fd368b3de09f9ed6b1e5e5b5aac95,2022-10-01,06 OOC,0,0,113,FTTC,65,0.0,Inbound,Fibre 65 (FTTC-OR),3478
4e474ec042cda8f2df61fa599acd5bdb2cad82d460d20c875a5b3dc0c6ce7c92,2023-03-01,02 In Contract,0,0,-111,FTTC,35,39.997,Partners,Fibre 35 (FTTC-OR),435
8b7445923a168558fcbf59968581d6a185f73250b1246c35c63517cea481bcc1,2023-03-01,02 In Contract,0,0,-154,FTTC,35,22.5245,Inbound,Fibre 35 (FTTC-OR),3177
f4c7dda5d44935343074ed8b127608a13bcef4144452fa622ce2d46463c6da7e,2024-05-01,06 OOC,0,0,530,GFAST,150,159.8885,Online - Affiliate,Fibre 150 (GFast-OR),1386
5b19356380bf12894575ae0957c53370c235a7e524c28766875f00620e8f9cba,2022-10-01,06 OOC,0,0,621,FTTC,40,34.996,Migrated Customer,Faster Fibre,5665
3943ca4638ef87bc2ecc86c27775159b6e86d9f79d07a0c998b016249ba07655,2023-03-01,02 In Contract,0,0,-111,FTTC,35,39.997,Migrated Customer,Fibre 35 (FTTC-OR),2940
70ffb6de9a95ee691a6d33d0bbc15461b0110d2de0ed2b6f762623fcd28f4f86,2023-03-01,01 Early Contract,0,0,-642,GFAST,150,160.0655,Online - Ambient,Fibre 150 (GFast-OR),2504
43c5c5f2592ca40f05fc2cb5732ba8522be99ca2b9d4bfc8268b2aa303b708cb,2024-08-01,06 OOC,0,0,119,FTTC,65,79.998,Migrated Customer,Fibre 65 (FTTC-OR),5180
860b8b97a66b474c7fe9a761ab79e33131aa628e6d953cda2629957b1ebe5b37,2023-08-01,01 Early Contract,0,0,-661,FTTC,65,39.83216796875,Unknown,Fibre 65 (FTTC-OR),4401
d34f586fd9e7d0c9163447865fe3d151340d92694d870602c8954a2c1dfb8a24,2023-04-01,04 Coming OOC,0,0,-6,FTTC,65,79.999,Online - Search,Fibre 65 (FTTC-OR),723
8b7445923a168558fcbf59968581d6a185f73250b1246c35c63517cea481bcc1,2024-09-01,06 OOC,0,0,396,FTTC,35,39.998453125,Inbound,Fibre 35 (FTTC-OR),3727
095d5f0adc982fee764c35bb8f6752af4d432296c3a504fe159e7221758c9a93,2024-01-01,03 Soon to be OOC,0,0,-52,FTTC,35,40.0,Online - Search,Fibre 35 (FTTC-OR),496
8b7445923a168558fcbf59968581d6a185f73250b1246c35c63517cea481bcc1,2022-09-01,02 In Contract,0,0,-335,FTTC,35,20.604111328125,Inbound,Fibre 35 (FTTC-OR),2996
98890cd1dab71729707c03ed024528f8298fd368b3de09f9ed6b1e5e5b5aac95,2024-03-01,06 OOC,0,0,630,FTTC,65,0.0,Inbound,Fibre 65 (FTTC-OR),3995
09489001d45b26b33bf41cfd702fe33acac720642f3a8c2b282b08d5373781a3,2023-03-01,02 In Contract,0,0,-99,FTTC,65,40.376,Retail,Fibre 65 (FTTC-OR),1184
98890cd1dab71729707c03ed024528f8298fd368b3de09f9ed6b1e5e5b5aac95,2023-12-01,06 OOC,0,0,539,FTTC,65,0.0,Inbound,Fibre 65 (FTTC-OR),3904
c509aad6caea2efa86075c5b8c4888d77ca0f6fcd30f94a375684d654a3adce4,2023-02-01,06 OOC,0,0,202,MPF,18,0.0,Migrated Customer,Fast Broadband,5804
8970fd42d2595dc063a823e416e5bb795a555bb6e31d72d8fd53b8af2e2405c5,2023-08-01,01 Early Contract,0,0,-359,FTTC,65,78.408,Webchat,Fibre 65 (FTTC-OR),322
f4c7dda5d44935343074ed8b127608a13bcef4144452fa622ce2d46463c6da7e,2022-08-01,02 In Contract,0,0,-109,GFAST,150,159.837921875,Online - Affiliate,Fibre 150 (GFast-OR),747
2e5ed2e2db64db39c6c5c64aa349bf920f6826dcfe75c45d4a25d60385e07ad1,2022-11-01,02 In Contract,0,0,-96,FTTC,65,54.988,Online - Affiliate,Fibre 65 (FTTC-OR),452
836edb40f715fc636480bc0648dfb85d05eb24848c8170a41df24d3270537b8a,2023-10-01,02 In Contract,0,0,-515,FTTC,65,79.999,Migrated Customer,Fibre 65 (FTTC-OR),5674
8f676110ebcb784b3874a951104b7118bed193ef8e2c637aac8c565ac823abef,2023-07-01,02 In Contract,0,0,-103,FTTC,65,52.121,Partners,Fibre 65 (FTTC-OR),444
83cc2e032ef2ef9184621674d8120442c65b8b3c87f43cc85f94cf7cfcae397e,2022-10-01,02 In Contract,0,0,-188,FTTC,65,27.396,Unknown,Fibre 65 (FTTC-OR),4454
3943ca4638ef87bc2ecc86c27775159b6e86d9f79d07a0c998b016249ba07655,2024-06-01,02 In Contract,0,0,-353,FTTC,35,39.997,Migrated Customer,Fibre 35 (FTTC-OR),3398
84e598cdfb9f0b163158f461ff7d52e027b9a8a898707de036dffdaec647bbb2,2024-04-01,02 In Contract,0,0,-270,FTTC,40,39.997,Migrated Customer,Faster Fibre,6093
0f8f757ae2c733fb28a0fd99e3b762125810c0ce3b8e7f416708513b353741fe,2023-06-01,06 OOC,0,0,1108,FTTC,40,39.968,Migrated Customer,Faster Fibre,5965
43c5c5f2592ca40f05fc2cb5732ba8522be99ca2b9d4bfc8268b2aa303b708cb,2023-06-01,02 In Contract,0,0,-308,FTTC,65,73.002,Migrated Customer,Fibre 65 (FTTC-OR),4753
8f676110ebcb784b3874a951104b7118bed193ef8e2c637aac8c565ac823abef,2022-12-01,02 In Contract,0,0,-315,FTTC,65,59.3645,Partners,Fibre 65 (FTTC-OR),232
8b7445923a168558fcbf59968581d6a185f73250b1246c35c63517cea481bcc1,2024-04-01,06 OOC,0,0,243,FTTC,35,28.675,Inbound,Fibre 35 (FTTC-OR),3574
43c5c5f2592ca40f05fc2cb5732ba8522be99ca2b9d4bfc8268b2aa303b708cb,2022-09-01,03 Soon to be OOC,0,0,-50,FTTC,65,74.0,Migrated Customer,Fibre 65 (FTTC-OR),4480
eca84e5bd4f4eb9a693f483ad98c24af59a61de9cab23fdc75bccd34c511407f,2024-03-01,02 In Contract,0,0,-189,FTTC,65,79.999,Online - Search,Fibre 65 (FTTC-OR),1499
f4d467c6ec8f49892a41fd3e0b5fae1e395603e5c5c2be7b25f081000a48b482,2023-03-01,06 OOC,0,0,3441,FTTC,35,34.2,Migrated Customer,Fibre 35 (FTTC-OR),4865
83cc2e032ef2ef9184621674d8120442c65b8b3c87f43cc85f94cf7cfcae397e,2023-03-01,03 Soon to be OOC,0,0,-37,FTTC,65,27.396,Unknown,Fibre 65 (FTTC-OR),4605
860b8b97a66b474c7fe9a761ab79e33131aa628e6d953cda2629957b1ebe5b37,2022-10-01,02 In Contract,0,0,-262,FTTC,65,39.999,Unknown,Fibre 65 (FTTC-OR),4097
65cac803e3a66e335d6a72614d8d35eec87893de171c370be475f23085f06f5e,2022-12-01,02 In Contract,0,0,-107,FTTC,35,27.396,Inbound,Fibre 35 (FTTC-OR),1211
a068f22c6b859a8a67c7d763845d23ebe74206212d41367402e3255acd74ac36,2023-06-01,06 OOC,0,0,1623,FTTC,35,11.087,Unknown,Fibre 35 (FTTC-OR),3459
eca84e5bd4f4eb9a693f483ad98c24af59a61de9cab23fdc75bccd34c511407f,2022-09-01,03 Soon to be OOC,0,0,-53,FTTC,65,79.999,Online - Search,Fibre 65 (FTTC-OR),952
84e598cdfb9f0b163158f461ff7d52e027b9a8a898707de036dffdaec647bbb2,2023-05-01,06 OOC,0,0,436,FTTC,40,39.997,Migrated Customer,Faster Fibre,5757
860b8b97a66b474c7fe9a761ab79e33131aa628e6d953cda2629957b1ebe5b37,2023-03-01,02 In Contract,0,0,-111,FTTC,65,34.999,Unknown,Fibre 65 (FTTC-OR),4248
065ef94f96807115ebe0aa89ab064cdc404e0734f161842190825b8d042a30ac,2023-08-01,02 In Contract,0,0,-452,FTTC,35,26.09328515625,Online - Affiliate,Fibre 35 (FTTC-OR),841
8b7445923a168558fcbf59968581d6a185f73250b1246c35c63517cea481bcc1,2022-11-01,02 In Contract,0,0,-274,FTTC,35,27.4,Inbound,Fibre 35 (FTTC-OR),3057
2f55b115e4d8a071a213d3fc49002528b2f92229c554aa603415547793b3e4bc,2023-05-01,06 OOC,0,0,270,FTTC,65,39.9992734375,Migrated Customer,Fibre 65 (FTTC-OR),5859
70ffb6de9a95ee691a6d33d0bbc15461b0110d2de0ed2b6f762623fcd28f4f86,2023-01-01,01 Early Contract,0,0,-701,GFAST,150,155.203828125,Online - Ambient,Fibre 150 (GFast-OR),2445
98890cd1dab71729707c03ed024528f8298fd368b3de09f9ed6b1e5e5b5aac95,2023-04-01,06 OOC,0,0,295,FTTC,65,0.0,Inbound,Fibre 65 (FTTC-OR),3660
98890cd1dab71729707c03ed024528f8298fd368b3de09f9ed6b1e5e5b5aac95,2024-05-01,06 OOC,0,0,691,FTTC,65,0.0,Inbound,Fibre 65 (FTTC-OR),4056
40eb4c21a3ec2c02572246f560410411a95488c6f701630bbc3e37b3cc2b6564,2023-03-01,02 In Contract,0,0,-201,FTTC,65,79.992,Unknown,Fibre 65 (FTTC-OR),4373
2f55b115e4d8a071a213d3fc49002528b2f92229c554aa603415547793b3e4bc,2023-02-01,06 OOC,0,0,181,FTTC,65,39.381,Migrated Customer,Fibre 65 (FTTC-OR),5770
eb89d4d3324cf1653509e450a3da9f8a9cfbe2b376ad5c7f40857c86e5c4c2e7,2024-04-01,05 Newly OOC,0,0,32,FTTC,65,48.999,Online - Search,Fibre 65 (FTTC-OR),578
d34f586fd9e7d0c9163447865fe3d151340d92694d870602c8954a2c1dfb8a24,2023-01-01,02 In Contract,0,0,-96,FTTC,65,79.999,Online - Search,Fibre 65 (FTTC-OR),633
83cc2e032ef2ef9184621674d8120442c65b8b3c87f43cc85f94cf7cfcae397e,2024-03-01,02 In Contract,0,0,-207,FTTC,65,27.399,Unknown,Fibre 65 (FTTC-OR),4971
eca84e5bd4f4eb9a693f483ad98c24af59a61de9cab23fdc75bccd34c511407f,2024-08-01,03 Soon to be OOC,0,0,-36,FTTC,65,64.6274453125,Online - Search,Fibre 65 (FTTC-OR),1652
78595457c0e13f4b46fab7892ee8c7270726b70d4b0b03413be5df9b4f6bc789,2023-11-01,06 OOC,0,0,636,FTTC,40,39.997,Partners,Faster Fibre,1184
84e598cdfb9f0b163158f461ff7d52e027b9a8a898707de036dffdaec647bbb2,2022-10-01,06 OOC,0,0,224,FTTC,40,39.997,Migrated Customer,Faster Fibre,5545
40eb4c21a3ec2c02572246f560410411a95488c6f701630bbc3e37b3cc2b6564,2024-04-01,06 OOC,0,0,196,FTTC,65,79.998,Unknown,Fibre 65 (FTTC-OR),4770
fe06ba4e6270757c21ab21aa0770d77d60ffc371df42b8c00ac37da159747194,2023-08-01,06 OOC,0,0,146,FTTC,35,38.22285546875,Retail,Fibre 35 (FTTC-OR),2356
f4c7dda5d44935343074ed8b127608a13bcef4144452fa622ce2d46463c6da7e,2024-02-01,06 OOC,0,0,440,GFAST,150,159.917328125,Online - Affiliate,Fibre 150 (GFast-OR),1296
f4d467c6ec8f49892a41fd3e0b5fae1e395603e5c5c2be7b25f081000a48b482,2023-02-01,06 OOC,0,0,3413,FTTC,35,33.992,Migrated Customer,Fibre 35 (FTTC-OR),4837
2f55b115e4d8a071a213d3fc49002528b2f92229c554aa603415547793b3e4bc,2023-04-01,06 OOC,0,0,240,FTTC,65,39.84719921875,Migrated Customer,Fibre 65 (FTTC-OR),5829
f4d467c6ec8f49892a41fd3e0b5fae1e395603e5c5c2be7b25f081000a48b482,2022-10-01,06 OOC,0,0,3290,FTTC,35,36.096,Migrated Customer,Fibre 35 (FTTC-OR),4714
c96d030d735d324dc4e422a0045b6c8e7821f385e558e5d70228c3430b946f1c,2022-11-01,02 In Contract,0,0,-215,FTTC,35,40.0,Retail,Fibre 35 (FTTC-OR),2045
40eb4c21a3ec2c02572246f560410411a95488c6f701630bbc3e37b3cc2b6564,2022-10-01,02 In Contract,0,0,-352,FTTC,65,79.992,Unknown,Fibre 65 (FTTC-OR),4222
e1e81a5cc9d06bed409119e9ecef243c56315d5271a97ce36fc22149d37a0acf,2022-11-01,06 OOC,0,0,488,FTTC,40,39.99828515625,Unknown,Faster Fibre,1034
4b05b4c9a1e78ce07098dbd2547c2557cb64805b76ca321954171fd1fced6c2e,2022-10-01,03 Soon to be OOC,0,0,-43,FTTC,65,41.99422265625,Retail,Fibre 65 (FTTC-OR),1390
1f91cd418d6d9f4afb9958632b7d2327ab009b2817656a79edc72f080997eb03,2023-07-01,02 In Contract,0,0,-111,FTTC,65,79.978,Partners,Fibre 65 (FTTC-OR),436
98890cd1dab71729707c03ed024528f8298fd368b3de09f9ed6b1e5e5b5aac95,2024-08-01,06 OOC,0,0,783,FTTC,65,0.0,Inbound,Fibre 65 (FTTC-OR),4148
eca84e5bd4f4eb9a693f483ad98c24af59a61de9cab23fdc75bccd34c511407f,2023-02-01,02 In Contract,0,0,-583,FTTC,65,79.999,Online - Search,Fibre 65 (FTTC-OR),1105
5b19356380bf12894575ae0957c53370c235a7e524c28766875f00620e8f9cba,2023-07-01,06 OOC,0,0,894,FTTC,40,34.992,Migrated Customer,Faster Fibre,5938
f4d467c6ec8f49892a41fd3e0b5fae1e395603e5c5c2be7b25f081000a48b482,2023-06-01,06 OOC,0,0,3533,FTTC,35,32.104,Migrated Customer,Fibre 35 (FTTC-OR),4957
83cc2e032ef2ef9184621674d8120442c65b8b3c87f43cc85f94cf7cfcae397e,2023-12-01,02 In Contract,0,0,-298,FTTC,65,27.396,Unknown,Fibre 65 (FTTC-OR),4880
a068f22c6b859a8a67c7d763845d23ebe74206212d41367402e3255acd74ac36,2024-09-01,06 OOC,0,0,2081,FTTC,35,21.365,Unknown,Fibre 35 (FTTC-OR),3917
1f91cd418d6d9f4afb9958632b7d2327ab009b2817656a79edc72f080997eb03,2022-12-01,02 In Contract,0,0,-323,FTTC,65,79.998,Partners,Fibre 65 (FTTC-OR),224
6472a9da95a49abb30c83a833d4facbebbcd6657aa11d443d8fa3cd0365b5739,2023-05-01,02 In Contract,0,0,-497,FTTC,35,34.99563671875,Online - Affiliate,Fibre 35 (FTTC-OR),952
40eb4c21a3ec2c02572246f560410411a95488c6f701630bbc3e37b3cc2b6564,2023-06-01,02 In Contract,0,0,-109,FTTC,65,79.992,Unknown,Fibre 65 (FTTC-OR),4465
70ffb6de9a95ee691a6d33d0bbc15461b0110d2de0ed2b6f762623fcd28f4f86,2023-05-01,02 In Contract,0,0,-581,GFAST,150,159.961453125,Online - Ambient,Fibre 150 (GFast-OR),2565
2f55b115e4d8a071a213d3fc49002528b2f92229c554aa603415547793b3e4bc,2023-01-01,06 OOC,0,0,150,FTTC,65,29.996,Migrated Customer,Fibre 65 (FTTC-OR),5739
413181d0680c5b6ff1a1e00196dc8f24ffec47714f0b55e6395bd234bd8d14aa,2024-06-01,03 Soon to be OOC,0,0,-40,FTTC,65,73.040203125,Online - Affiliate,Fibre 65 (FTTC-OR),1037
4b05b4c9a1e78ce07098dbd2547c2557cb64805b76ca321954171fd1fced6c2e,2022-08-01,02 In Contract,0,0,-104,FTTC,65,42.619,Retail,Fibre 65 (FTTC-OR),1329
6472a9da95a49abb30c83a833d4facbebbcd6657aa11d443d8fa3cd0365b5739,2024-02-01,02 In Contract,0,0,-221,FTTC,35,32.398,Online - Affiliate,Fibre 35 (FTTC-OR),1228
c509aad6caea2efa86075c5b8c4888d77ca0f6fcd30f94a375684d654a3adce4,2024-07-01,02 In Contract,0,0,-412,MPF,18,0.0,Migrated Customer,Fast Broadband,6320
f4c7dda5d44935343074ed8b127608a13bcef4144452fa622ce2d46463c6da7e,2022-09-01,03 Soon to be OOC,0,0,-78,GFAST,150,159.850109375,Online - Affiliate,Fibre 150 (GFast-OR),778
eca84e5bd4f4eb9a693f483ad98c24af59a61de9cab23fdc75bccd34c511407f,2023-01-01,02 In Contract,0,0,-614,FTTC,65,79.999,Online - Search,Fibre 65 (FTTC-OR),1074
eca84e5bd4f4eb9a693f483ad98c24af59a61de9cab23fdc75bccd34c511407f,2022-12-01,01 Early Contract,0,0,-645,FTTC,65,79.999,Online - Search,Fibre 65 (FTTC-OR),1043
2f55b115e4d8a071a213d3fc49002528b2f92229c554aa603415547793b3e4bc,2024-06-01,02 In Contract,0,0,-434,FTTC,65,59.999,Migrated Customer,Fibre 65 (FTTC-OR),6256
0f8f757ae2c733fb28a0fd99e3b762125810c0ce3b8e7f416708513b353741fe,2024-06-01,06 OOC,0,0,1474,FTTC,40,39.999,Migrated Customer,Faster Fibre,6331
2f55b115e4d8a071a213d3fc49002528b2f92229c554aa603415547793b3e4bc,2023-11-01,01 Early Contract,0,0,-647,FTTC,65,48.99875,Migrated Customer,Fibre 65 (FTTC-OR),6043
860b8b97a66b474c7fe9a761ab79e33131aa628e6d953cda2629957b1ebe5b37,2023-04-01,03 Soon to be OOC,0,0,-80,FTTC,65,34.999,Unknown,Fibre 65 (FTTC-OR),4279
fe06ba4e6270757c21ab21aa0770d77d60ffc371df42b8c00ac37da159747194,2024-07-01,06 OOC,0,0,481,FTTC,35,39.806,Retail,Fibre 35 (FTTC-OR),2691
413181d0680c5b6ff1a1e00196dc8f24ffec47714f0b55e6395bd234bd8d14aa,2023-12-01,02 In Contract,0,0,-223,FTTC,65,72.683,Online - Affiliate,Fibre 65 (FTTC-OR),854
1f91cd418d6d9f4afb9958632b7d2327ab009b2817656a79edc72f080997eb03,2022-11-01,02 In Contract,0,0,-353,FTTC,65,79.998,Partners,Fibre 65 (FTTC-OR),194
8970fd42d2595dc063a823e416e5bb795a555bb6e31d72d8fd53b8af2e2405c5,2023-05-01,02 In Contract,0,0,-134,FTTC,65,79.99990625,Webchat,Fibre 65 (FTTC-OR),230
75b1217140bb8ddc6bb3458315e10f58dcb4e7841517bb32b8bca149a1b832a6,2022-08-01,06 OOC,0,0,235,GFAST,150,143.191828125,Online - Affiliate,Fibre 150 (GFast-OR),782
65cac803e3a66e335d6a72614d8d35eec87893de171c370be475f23085f06f5e,2024-06-01,02 In Contract,0,0,-122,GFAST,150,159.85709375,Inbound,Fibre 150 (GFast-OR),1759
78595457c0e13f4b46fab7892ee8c7270726b70d4b0b03413be5df9b4f6bc789,2023-09-01,06 OOC,0,0,575,FTTC,40,39.997,Partners,Faster Fibre,1123
df8ec98f954cca4bd90fdfe8944a4b086c3cb3d31f6f29b8b08501c4c29a334e,2022-12-01,06 OOC,0,0,172,FTTC,35,0.0,Online - Affiliate,Fibre 35 (FTTC-OR),1273
2f55b115e4d8a071a213d3fc49002528b2f92229c554aa603415547793b3e4bc,2024-03-01,02 In Contract,0,0,-526,FTTC,65,59.999,Migrated Customer,Fibre 65 (FTTC-OR),6164
5b19356380bf12894575ae0957c53370c235a7e524c28766875f00620e8f9cba,2024-02-01,06 OOC,0,0,1109,FTTC,40,35.0,Migrated Customer,Faster Fibre,6153
2f55b115e4d8a071a213d3fc49002528b2f92229c554aa603415547793b3e4bc,2023-08-01,06 OOC,0,0,362,FTTC,65,54.999,Migrated Customer,Fibre 65 (FTTC-OR),5951
df8ec98f954cca4bd90fdfe8944a4b086c3cb3d31f6f29b8b08501c4c29a334e,2023-06-01,06 OOC,0,0,354,FTTC,35,0.0,Online - Affiliate,Fibre 35 (FTTC-OR),1455
e1e81a5cc9d06bed409119e9ecef243c56315d5271a97ce36fc22149d37a0acf,2024-02-01,06 OOC,0,0,945,FTTC,40,39.997,Unknown,Faster Fibre,1491
e1e81a5cc9d06bed409119e9ecef243c56315d5271a97ce36fc22149d37a0acf,2022-12-01,06 OOC,0,0,518,FTTC,40,39.996,Unknown,Faster Fibre,1064
f4d467c6ec8f49892a41fd3e0b5fae1e395603e5c5c2be7b25f081000a48b482,2024-03-01,06 OOC,0,0,3807,FTTC,35,39.999,Migrated Customer,Fibre 35 (FTTC-OR),5231
6472a9da95a49abb30c83a833d4facbebbcd6657aa11d443d8fa3cd0365b5739,2023-12-01,02 In Contract,0,0,-283,FTTC,35,34.999,Online - Affiliate,Fibre 35 (FTTC-OR),1166
836edb40f715fc636480bc0648dfb85d05eb24848c8170a41df24d3270537b8a,2023-08-01,02 In Contract,0,0,-576,FTTC,65,79.999,Migrated Customer,Fibre 65 (FTTC-OR),5613
65cac803e3a66e335d6a72614d8d35eec87893de171c370be475f23085f06f5e,2023-12-01,02 In Contract,0,0,-305,GFAST,150,159.698203125,Inbound,Fibre 150 (GFast-OR),1576
eb89d4d3324cf1653509e450a3da9f8a9cfbe2b376ad5c7f40857c86e5c4c2e7,2023-04-01,02 In Contract,0,0,-334,FTTC,65,32.164,Online - Search,Fibre 65 (FTTC-OR),212
1f91cd418d6d9f4afb9958632b7d2327ab009b2817656a79edc72f080997eb03,2023-02-01,02 In Contract,0,0,-261,FTTC,65,79.998,Partners,Fibre 65 (FTTC-OR),286
b8f4fb33be9fe204b9de079931dc398e3ba6af441d556ca950e28ed672f5708d,2023-02-01,05 Newly OOC,0,0,48,FTTC,35,39.999,Retail,Fibre 35 (FTTC-OR),2415
860b8b97a66b474c7fe9a761ab79e33131aa628e6d953cda2629957b1ebe5b37,2024-06-01,02 In Contract,0,0,-567,FTTC,65,39.999,Unknown,Fibre 65 (FTTC-OR),4706
065ef94f96807115ebe0aa89ab064cdc404e0734f161842190825b8d042a30ac,2023-05-01,02 In Contract,0,0,-544,FTTC,35,33.5247265625,Online - Affiliate,Fibre 35 (FTTC-OR),749
e1e81a5cc9d06bed409119e9ecef243c56315d5271a97ce36fc22149d37a0acf,2022-08-01,06 OOC,0,0,396,FTTC,40,40.0,Unknown,Faster Fibre,942
78595457c0e13f4b46fab7892ee8c7270726b70d4b0b03413be5df9b4f6bc789,2023-05-01,06 OOC,0,0,452,FTTC,40,39.997,Partners,Faster Fibre,1000
c96d030d735d324dc4e422a0045b6c8e7821f385e558e5d70228c3430b946f1c,2024-02-01,02 In Contract,0,0,-452,FTTC,35,0.0,Retail,Fibre 35 (FTTC-OR),2502
413181d0680c5b6ff1a1e00196dc8f24ffec47714f0b55e6395bd234bd8d14aa,2024-01-01,02 In Contract,0,0,-192,FTTC,65,68.646,Online - Affiliate,Fibre 65 (FTTC-OR),885
836edb40f715fc636480bc0648dfb85d05eb24848c8170a41df24d3270537b8a,2024-03-01,02 In Contract,0,0,-363,FTTC,65,79.999,Migrated Customer,Fibre 65 (FTTC-OR),5826
065ef94f96807115ebe0aa89ab064cdc404e0734f161842190825b8d042a30ac,2024-03-01,02 In Contract,0,0,-239,FTTC,35,39.841625,Online - Affiliate,Fibre 35 (FTTC-OR),1054
c509aad6caea2efa86075c5b8c4888d77ca0f6fcd30f94a375684d654a3adce4,2022-08-01,05 Newly OOC,0,0,18,MPF,18,0.0,Migrated Customer,Fast Broadband,5620
98890cd1dab71729707c03ed024528f8298fd368b3de09f9ed6b1e5e5b5aac95,2023-07-01,06 OOC,0,0,386,FTTC,65,0.0,Inbound,Fibre 65 (FTTC-OR),3751
2f55b115e4d8a071a213d3fc49002528b2f92229c554aa603415547793b3e4bc,2023-03-01,06 OOC,0,0,209,FTTC,65,43.996,Migrated Customer,Fibre 65 (FTTC-OR),5798
f4c7dda5d44935343074ed8b127608a13bcef4144452fa622ce2d46463c6da7e,2023-01-01,05 Newly OOC,0,0,44,GFAST,150,159.931421875,Online - Affiliate,Fibre 150 (GFast-OR),900
62f689100485d8d4738734be2e60b4051b7036dd3d1f20aa6c77859353109a21,2022-10-01,03 Soon to be OOC,1,0,-57,GFAST,150,159.92671875,Online - Search,Fibre 150 (GFast-OR),491
43c5c5f2592ca40f05fc2cb5732ba8522be99ca2b9d4bfc8268b2aa303b708cb,2023-09-01,02 In Contract,0,0,-216,FTTC,65,70.234,Migrated Customer,Fibre 65 (FTTC-OR),4845
8f676110ebcb784b3874a951104b7118bed193ef8e2c637aac8c565ac823abef,2023-06-01,02 In Contract,0,0,-133,FTTC,65,54.91333203125,Partners,Fibre 65 (FTTC-OR),414
70ffb6de9a95ee691a6d33d0bbc15461b0110d2de0ed2b6f762623fcd28f4f86,2023-02-01,01 Early Contract,0,0,-670,GFAST,150,160.056,Online - Ambient,Fibre 150 (GFast-OR),2476
78595457c0e13f4b46fab7892ee8c7270726b70d4b0b03413be5df9b4f6bc789,2024-07-01,06 OOC,0,0,879,FTTC,40,39.997,Partners,Faster Fibre,1427
df8ec98f954cca4bd90fdfe8944a4b086c3cb3d31f6f29b8b08501c4c29a334e,2023-11-01,06 OOC,0,0,507,FTTC,35,0.0,Online - Affiliate,Fibre 35 (FTTC-OR),1608
ca0287834bcfb91017d8a43edaed26498daa4ca061bf29d897073e3eb751e171,2024-01-01,02 In Contract,0,0,-574,FTTC,65,64.657,Online - Search,Fibre 65 (FTTC-OR),1188
ca0287834bcfb91017d8a43edaed26498daa4ca061bf29d897073e3eb751e171,2023-03-01,02 In Contract,0,0,-97,FTTC,65,57.283,Online - Search,Fibre 65 (FTTC-OR),882
43c5c5f2592ca40f05fc2cb5732ba8522be99ca2b9d4bfc8268b2aa303b708cb,2024-07-01,05 Newly OOC,0,0,88,FTTC,65,79.998,Migrated Customer,Fibre 65 (FTTC-OR),5149
a068f22c6b859a8a67c7d763845d23ebe74206212d41367402e3255acd74ac36,2023-05-01,06 OOC,0,0,1592,FTTC,35,12.2449091796875,Unknown,Fibre 35 (FTTC-OR),3428
c0d55e7207c5bb2dd46f229e97401372073249d8db6bb6c1d2e54092adad77a9,2023-02-01,02 In Contract,0,0,-232,FTTC,65,79.998,Partners,Fibre 65 (FTTC-OR),858
8b7445923a168558fcbf59968581d6a185f73250b1246c35c63517cea481bcc1,2023-09-01,05 Newly OOC,0,0,30,FTTC,35,21.59580078125,Inbound,Fibre 35 (FTTC-OR),3361
98890cd1dab71729707c03ed024528f8298fd368b3de09f9ed6b1e5e5b5aac95,2024-04-01,06 OOC,0,0,661,FTTC,65,0.0,Inbound,Fibre 65 (FTTC-OR),4026
c96d030d735d324dc4e422a0045b6c8e7821f385e558e5d70228c3430b946f1c,2023-10-01,02 In Contract,0,0,-575,FTTC,35,0.0,Retail,Fibre 35 (FTTC-OR),2379
836edb40f715fc636480bc0648dfb85d05eb24848c8170a41df24d3270537b8a,2023-04-01,01 Early Contract,0,0,-698,FTTC,65,79.999,Migrated Customer,Fibre 65 (FTTC-OR),5491
836edb40f715fc636480bc0648dfb85d05eb24848c8170a41df24d3270537b8a,2024-04-01,02 In Contract,0,0,-332,FTTC,65,79.999,Migrated Customer,Fibre 65 (FTTC-OR),5857
0f8f757ae2c733fb28a0fd99e3b762125810c0ce3b8e7f416708513b353741fe,2023-10-01,06 OOC,0,0,1230,FTTC,40,39.999,Migrated Customer,Faster Fibre,6087
8f676110ebcb784b3874a951104b7118bed193ef8e2c637aac8c565ac823abef,2023-08-01,03 Soon to be OOC,0,0,-72,FTTC,65,51.91414453125,Partners,Fibre 65 (FTTC-OR),475
065ef94f96807115ebe0aa89ab064cdc404e0734f161842190825b8d042a30ac,2024-06-01,02 In Contract,0,0,-147,FTTC,35,38.523,Online - Affiliate,Fibre 35 (FTTC-OR),1146
8b7445923a168558fcbf59968581d6a185f73250b1246c35c63517cea481bcc1,2023-04-01,02 In Contract,0,0,-123,FTTC,35,30.0,Inbound,Fibre 35 (FTTC-OR),3208
83cc2e032ef2ef9184621674d8120442c65b8b3c87f43cc85f94cf7cfcae397e,2023-10-01,02 In Contract,0,0,-359,FTTC,65,27.396,Unknown,Fibre 65 (FTTC-OR),4819
095d5f0adc982fee764c35bb8f6752af4d432296c3a504fe159e7221758c9a93,2022-11-01,01 Early Contract,0,0,-478,FTTC,35,39.999,Online - Search,Fibre 35 (FTTC-OR),70
70ffb6de9a95ee691a6d33d0bbc15461b0110d2de0ed2b6f762623fcd28f4f86,2022-08-01,02 In Contract,0,0,-109,FTTC,65,79.649,Online - Ambient,Fibre 65 (FTTC-OR),2292
413181d0680c5b6ff1a1e00196dc8f24ffec47714f0b55e6395bd234bd8d14aa,2023-09-01,02 In Contract,0,0,-314,FTTC,65,66.595203125,Online - Affiliate,Fibre 65 (FTTC-OR),763
1f91cd418d6d9f4afb9958632b7d2327ab009b2817656a79edc72f080997eb03,2023-01-01,02 In Contract,0,0,-292,FTTC,65,79.998,Partners,Fibre 65 (FTTC-OR),255
836edb40f715fc636480bc0648dfb85d05eb24848c8170a41df24d3270537b8a,2024-06-01,02 In Contract,0,0,-271,FTTC,65,79.999,Migrated Customer,Fibre 65 (FTTC-OR),5918
836edb40f715fc636480bc0648dfb85d05eb24848c8170a41df24d3270537b8a,2022-11-01,02 In Contract,0,0,-331,FTTC,65,79.999,Migrated Customer,Fibre 65 (FTTC-OR),5340
d34f586fd9e7d0c9163447865fe3d151340d92694d870602c8954a2c1dfb8a24,2023-02-01,03 Soon to be OOC,0,0,-65,FTTC,65,79.999,Online - Search,Fibre 65 (FTTC-OR),664
8b7445923a168558fcbf59968581d6a185f73250b1246c35c63517cea481bcc1,2023-12-01,06 OOC,0,0,121,FTTC,35,28.092900390625,Inbound,Fibre 35 (FTTC-OR),3452
b8f4fb33be9fe204b9de079931dc398e3ba6af441d556ca950e28ed672f5708d,2022-11-01,03 Soon to be OOC,0,0,-44,FTTC,35,40.0,Retail,Fibre 35 (FTTC-OR),2323
8970fd42d2595dc063a823e416e5bb795a555bb6e31d72d8fd53b8af2e2405c5,2023-03-01,02 In Contract,0,0,-195,FTTC,65,77.876,Webchat,Fibre 65 (FTTC-OR),169
413181d0680c5b6ff1a1e00196dc8f24ffec47714f0b55e6395bd234bd8d14aa,2022-09-01,02 In Contract,0,0,-150,FTTC,65,68.891,Online - Affiliate,Fibre 65 (FTTC-OR),398
4d994624c7349bd4d9fb2016cb35ac14d50ee8595fb73dc7d7400f2fd5714f9e,2022-11-01,06 OOC,0,0,995,FTTC,40,31.665666015625,Migrated Customer,Faster Fibre,5381
db6306555807649ba084ad7191708c64382856ac4cd364f379530436757cab25,2022-12-01,06 OOC,0,0,412,FTTC,40,39.99683203125,Online - Search,Faster Fibre,959
c0d55e7207c5bb2dd46f229e97401372073249d8db6bb6c1d2e54092adad77a9,2022-10-01,02 In Contract,0,0,-355,FTTC,65,79.997,Partners,Fibre 65 (FTTC-OR),735
70ffb6de9a95ee691a6d33d0bbc15461b0110d2de0ed2b6f762623fcd28f4f86,2022-12-01,05 Newly OOC,0,0,13,FTTC,65,79.649,Online - Ambient,Fibre 65 (FTTC-OR),2414
70ffb6de9a95ee691a6d33d0bbc15461b0110d2de0ed2b6f762623fcd28f4f86,2022-09-01,03 Soon to be OOC,0,0,-78,FTTC,65,79.649,Online - Ambient,Fibre 65 (FTTC-OR),2323
065ef94f96807115ebe0aa89ab064cdc404e0734f161842190825b8d042a30ac,2022-08-01,03 Soon to be OOC,0,0,-71,FTTC,35,28.273666015625,Online - Affiliate,Fibre 35 (FTTC-OR),476
70ffb6de9a95ee691a6d33d0bbc15461b0110d2de0ed2b6f762623fcd28f4f86,2023-06-01,02 In Contract,0,0,-550,GFAST,150,160.03421875,Online - Ambient,Fibre 150 (GFast-OR),2596
e1e81a5cc9d06bed409119e9ecef243c56315d5271a97ce36fc22149d37a0acf,2023-05-01,06 OOC,0,0,669,FTTC,40,39.99963671875,Unknown,Faster Fibre,1215
6472a9da95a49abb30c83a833d4facbebbcd6657aa11d443d8fa3cd0365b5739,2023-09-01,02 In Contract,0,0,-374,FTTC,35,34.99819921875,Online - Affiliate,Fibre 35 (FTTC-OR),1075
eca84e5bd4f4eb9a693f483ad98c24af59a61de9cab23fdc75bccd34c511407f,2023-03-01,02 In Contract,0,0,-555,FTTC,65,79.999,Online - Search,Fibre 65 (FTTC-OR),1133
fe06ba4e6270757c21ab21aa0770d77d60ffc371df42b8c00ac37da159747194,2023-02-01,03 Soon to be OOC,0,0,-35,FTTC,35,39.806,Retail,Fibre 35 (FTTC-OR),2175
70ffb6de9a95ee691a6d33d0bbc15461b0110d2de0ed2b6f762623fcd28f4f86,2024-09-01,02 In Contract,0,0,-92,GFAST,150,159.972546875,Online - Ambient,Fibre 150 (GFast-OR),3054
0f8f757ae2c733fb28a0fd99e3b762125810c0ce3b8e7f416708513b353741fe,2023-12-01,06 OOC,0,0,1291,FTTC,40,39.999,Migrated Customer,Faster Fibre,6148
db6306555807649ba084ad7191708c64382856ac4cd364f379530436757cab25,2022-11-01,06 OOC,0,0,382,FTTC,40,39.93985546875,Online - Search,Faster Fibre,929
f4d467c6ec8f49892a41fd3e0b5fae1e395603e5c5c2be7b25f081000a48b482,2022-11-01,06 OOC,0,0,3321,FTTC,35,30.06,Migrated Customer,Fibre 35 (FTTC-OR),4745
eb89d4d3324cf1653509e450a3da9f8a9cfbe2b376ad5c7f40857c86e5c4c2e7,2023-09-01,02 In Contract,0,0,-181,FTTC,65,48.999,Online - Search,Fibre 65 (FTTC-OR),365
3943ca4638ef87bc2ecc86c27775159b6e86d9f79d07a0c998b016249ba07655,2023-05-01,03 Soon to be OOC,0,0,-50,FTTC,35,39.997,Migrated Customer,Fibre 35 (FTTC-OR),3001
65cac803e3a66e335d6a72614d8d35eec87893de171c370be475f23085f06f5e,2024-07-01,02 In Contract,0,0,-92,GFAST,150,159.86453125,Inbound,Fibre 150 (GFast-OR),1789
182b2ab272bb0f5936ddef1b0ebc41ef7928a07be0356b0429927b27d7d87c67,2022-09-01,06 OOC,1,1,194,FTTC,40,51.39266796875,Partners,Faster Fibre,924
98890cd1dab71729707c03ed024528f8298fd368b3de09f9ed6b1e5e5b5aac95,2023-10-01,06 OOC,0,0,478,FTTC,65,0.0,Inbound,Fibre 65 (FTTC-OR),3843
b8f4fb33be9fe204b9de079931dc398e3ba6af441d556ca950e28ed672f5708d,2023-01-01,05 Newly OOC,0,0,17,FTTC,35,40.0,Retail,Fibre 35 (FTTC-OR),2384
98890cd1dab71729707c03ed024528f8298fd368b3de09f9ed6b1e5e5b5aac95,2024-06-01,06 OOC,0,0,722,FTTC,65,0.0,Inbound,Fibre 65 (FTTC-OR),4087
83cc2e032ef2ef9184621674d8120442c65b8b3c87f43cc85f94cf7cfcae397e,2023-06-01,01 Early Contract,0,0,-481,FTTC,65,27.396,Unknown,Fibre 65 (FTTC-OR),4697
5b19356380bf12894575ae0957c53370c235a7e524c28766875f00620e8f9cba,2024-03-01,06 OOC,0,0,1138,FTTC,40,35.0,Migrated Customer,Faster Fibre,6182
b8f4fb33be9fe204b9de079931dc398e3ba6af441d556ca950e28ed672f5708d,2024-02-01,06 OOC,0,0,413,FTTC,35,39.999,Retail,Fibre 35 (FTTC-OR),2780
ca0287834bcfb91017d8a43edaed26498daa4ca061bf29d897073e3eb751e171,2023-10-01,01 Early Contract,0,0,-666,FTTC,65,64.451,Online - Search,Fibre 65 (FTTC-OR),1096
095d5f0adc982fee764c35bb8f6752af4d432296c3a504fe159e7221758c9a93,2024-03-01,01 Early Contract,0,0,-532,FTTC,35,35.001875,Online - Search,Fibre 35 (FTTC-OR),556
eb89d4d3324cf1653509e450a3da9f8a9cfbe2b376ad5c7f40857c86e5c4c2e7,2023-01-01,02 In Contract,0,0,-424,FTTC,65,45.88066796875,Online - Search,Fibre 65 (FTTC-OR),122
413181d0680c5b6ff1a1e00196dc8f24ffec47714f0b55e6395bd234bd8d14aa,2023-05-01,02 In Contract,0,0,-437,FTTC,65,67.877,Online - Affiliate,Fibre 65 (FTTC-OR),640
e1e81a5cc9d06bed409119e9ecef243c56315d5271a97ce36fc22149d37a0acf,2023-10-01,06 OOC,0,0,822,FTTC,40,40.0,Unknown,Faster Fibre,1368
3943ca4638ef87bc2ecc86c27775159b6e86d9f79d07a0c998b016249ba07655,2023-01-01,02 In Contract,0,0,-170,FTTC,35,39.997,Migrated Customer,Fibre 35 (FTTC-OR),2881
98890cd1dab71729707c03ed024528f8298fd368b3de09f9ed6b1e5e5b5aac95,2023-11-01,06 OOC,0,0,509,FTTC,65,0.0,Inbound,Fibre 65 (FTTC-OR),3874
3943ca4638ef87bc2ecc86c27775159b6e86d9f79d07a0c998b016249ba07655,2022-08-01,02 In Contract,0,0,-323,FTTC,35,39.997,Migrated Customer,Fibre 35 (FTTC-OR),2728
d34f586fd9e7d0c9163447865fe3d151340d92694d870602c8954a2c1dfb8a24,2024-08-01,02 In Contract,0,0,-252,FTTC,65,78.3424453125,Online - Search,Fibre 65 (FTTC-OR),1211
65cac803e3a66e335d6a72614d8d35eec87893de171c370be475f23085f06f5e,2024-08-01,03 Soon to be OOC,0,0,-61,GFAST,150,159.84178125,Inbound,Fibre 150 (GFast-OR),1820
095d5f0adc982fee764c35bb8f6752af4d432296c3a504fe159e7221758c9a93,2023-02-01,02 In Contract,0,0,-386,FTTC,35,39.999,Online - Search,Fibre 35 (FTTC-OR),162
db6306555807649ba084ad7191708c64382856ac4cd364f379530436757cab25,2023-04-01,06 OOC,1,1,533,FTTC,40,0.0,Online - Search,Faster Fibre,1080
c0d55e7207c5bb2dd46f229e97401372073249d8db6bb6c1d2e54092adad77a9,2022-12-01,02 In Contract,0,0,-294,FTTC,65,79.451,Partners,Fibre 65 (FTTC-OR),796
4b05b4c9a1e78ce07098dbd2547c2557cb64805b76ca321954171fd1fced6c2e,2023-09-01,02 In Contract,0,0,-412,FTTC,65,42.063,Retail,Fibre 65 (FTTC-OR),1725
fe06ba4e6270757c21ab21aa0770d77d60ffc371df42b8c00ac37da159747194,2024-03-01,06 OOC,0,0,359,FTTC,35,39.806,Retail,Fibre 35 (FTTC-OR),2569
4b05b4c9a1e78ce07098dbd2547c2557cb64805b76ca321954171fd1fced6c2e,2023-05-01,02 In Contract,0,0,-535,FTTC,65,41.6427265625,Retail,Fibre 65 (FTTC-OR),1602
ca0287834bcfb91017d8a43edaed26498daa4ca061bf29d897073e3eb751e171,2023-04-01,03 Soon to be OOC,0,0,-66,FTTC,65,57.36908984375,Online - Search,Fibre 65 (FTTC-OR),913
65cac803e3a66e335d6a72614d8d35eec87893de171c370be475f23085f06f5e,2024-02-01,02 In Contract,0,0,-243,GFAST,150,142.03921875,Inbound,Fibre 150 (GFast-OR),1638
98890cd1dab71729707c03ed024528f8298fd368b3de09f9ed6b1e5e5b5aac95,2024-09-01,06 OOC,0,0,814,FTTC,65,0.0,Inbound,Fibre 65 (FTTC-OR),4179
d34f586fd9e7d0c9163447865fe3d151340d92694d870602c8954a2c1dfb8a24,2023-08-01,02 In Contract,0,0,-618,FTTC,65,79.999,Online - Search,Fibre 65 (FTTC-OR),845
ca0287834bcfb91017d8a43edaed26498daa4ca061bf29d897073e3eb751e171,2023-11-01,02 In Contract,0,0,-635,FTTC,65,64.702875,Online - Search,Fibre 65 (FTTC-OR),1127
eca84e5bd4f4eb9a693f483ad98c24af59a61de9cab23fdc75bccd34c511407f,2023-05-01,02 In Contract,0,0,-494,FTTC,65,79.999,Online - Search,Fibre 65 (FTTC-OR),1194
860b8b97a66b474c7fe9a761ab79e33131aa628e6d953cda2629957b1ebe5b37,2024-03-01,01 Early Contract,0,0,-659,FTTC,65,39.999,Unknown,Fibre 65 (FTTC-OR),4614
2df91c630bc8d3482fe6b26130ae5d94820effac70251096029fdff42b6dfc62,2024-05-01,02 In Contract,0,0,-392,FTTC,65,57.32628515625,Online - Affiliate,Fibre 65 (FTTC-OR),1419
a068f22c6b859a8a67c7d763845d23ebe74206212d41367402e3255acd74ac36,2023-08-01,06 OOC,0,0,1684,FTTC,35,11.087,Unknown,Fibre 35 (FTTC-OR),3520
f4c7dda5d44935343074ed8b127608a13bcef4144452fa622ce2d46463c6da7e,2023-12-01,06 OOC,0,0,378,GFAST,150,159.9075,Online - Affiliate,Fibre 150 (GFast-OR),1234
40eb4c21a3ec2c02572246f560410411a95488c6f701630bbc3e37b3cc2b6564,2024-08-01,06 OOC,0,0,318,FTTC,65,79.998,Unknown,Fibre 65 (FTTC-OR),4892
70ffb6de9a95ee691a6d33d0bbc15461b0110d2de0ed2b6f762623fcd28f4f86,2024-07-01,02 In Contract,0,0,-154,GFAST,150,159.97615625,Online - Ambient,Fibre 150 (GFast-OR),2992
c509aad6caea2efa86075c5b8c4888d77ca0f6fcd30f94a375684d654a3adce4,2023-11-01,01 Early Contract,0,0,-655,MPF,18,0.0,Migrated Customer,Fast Broadband,6077
0f8f757ae2c733fb28a0fd99e3b762125810c0ce3b8e7f416708513b353741fe,2022-08-01,06 OOC,0,0,804,FTTC,40,39.968,Migrated Customer,Faster Fibre,5661
40eb4c21a3ec2c02572246f560410411a95488c6f701630bbc3e37b3cc2b6564,2023-05-01,02 In Contract,0,0,-140,FTTC,65,79.992,Unknown,Fibre 65 (FTTC-OR),4434
f4d467c6ec8f49892a41fd3e0b5fae1e395603e5c5c2be7b25f081000a48b482,2024-02-01,06 OOC,0,0,3778,FTTC,35,39.999,Migrated Customer,Fibre 35 (FTTC-OR),5202
78595457c0e13f4b46fab7892ee8c7270726b70d4b0b03413be5df9b4f6bc789,2023-01-01,06 OOC,0,0,332,FTTC,40,39.997,Partners,Faster Fibre,880
df8ec98f954cca4bd90fdfe8944a4b086c3cb3d31f6f29b8b08501c4c29a334e,2023-04-01,06 OOC,0,0,293,FTTC,35,0.0,Online - Affiliate,Fibre 35 (FTTC-OR),1394
4b05b4c9a1e78ce07098dbd2547c2557cb64805b76ca321954171fd1fced6c2e,2024-02-01,02 In Contract,0,0,-259,FTTC,65,44.874,Retail,Fibre 65 (FTTC-OR),1878
75b1217140bb8ddc6bb3458315e10f58dcb4e7841517bb32b8bca149a1b832a6,2022-12-01,06 OOC,0,0,357,GFAST,150,131.0677109375,Online - Affiliate,Fibre 150 (GFast-OR),904
0f8f757ae2c733fb28a0fd99e3b762125810c0ce3b8e7f416708513b353741fe,2024-07-01,06 OOC,0,0,1504,FTTC,40,39.999,Migrated Customer,Faster Fibre,6361
3943ca4638ef87bc2ecc86c27775159b6e86d9f79d07a0c998b016249ba07655,2023-04-01,03 Soon to be OOC,0,0,-80,FTTC,35,39.997,Migrated Customer,Fibre 35 (FTTC-OR),2971
70ffb6de9a95ee691a6d33d0bbc15461b0110d2de0ed2b6f762623fcd28f4f86,2023-04-01,02 In Contract,0,0,-611,GFAST,150,160.044,Online - Ambient,Fibre 150 (GFast-OR),2535
8b7445923a168558fcbf59968581d6a185f73250b1246c35c63517cea481bcc1,2024-02-01,06 OOC,0,0,183,FTTC,35,36.704,Inbound,Fibre 35 (FTTC-OR),3514
95837c5069ff9a48addb1c5fdcdf64c31cc2330aa028c8df49255e3232501349,2022-08-01,02 In Contract,0,0,-95,FTTC,65,54.908,Online - Affiliate,Fibre 65 (FTTC-OR),1616
75b1217140bb8ddc6bb3458315e10f58dcb4e7841517bb32b8bca149a1b832a6,2023-08-01,06 OOC,0,0,600,GFAST,150,137.76228125,Online - Affiliate,Fibre 150 (GFast-OR),1147
4d994624c7349bd4d9fb2016cb35ac14d50ee8595fb73dc7d7400f2fd5714f9e,2023-04-01,06 OOC,0,0,1146,FTTC,40,0.0,Migrated Customer,Faster Fibre,5532
6472a9da95a49abb30c83a833d4facbebbcd6657aa11d443d8fa3cd0365b5739,2023-03-01,02 In Contract,0,0,-558,FTTC,35,34.996,Online - Affiliate,Fibre 35 (FTTC-OR),891
860b8b97a66b474c7fe9a761ab79e33131aa628e6d953cda2629957b1ebe5b37,2024-08-01,02 In Contract,0,0,-506,FTTC,65,39.999,Unknown,Fibre 65 (FTTC-OR),4767
ca0287834bcfb91017d8a43edaed26498daa4ca061bf29d897073e3eb751e171,2022-11-01,02 In Contract,0,0,-217,FTTC,65,64.64666796875,Online - Search,Fibre 65 (FTTC-OR),762
095d5f0adc982fee764c35bb8f6752af4d432296c3a504fe159e7221758c9a93,2023-12-01,03 Soon to be OOC,0,0,-83,FTTC,35,34.7296015625,Online - Search,Fibre 35 (FTTC-OR),465
065ef94f96807115ebe0aa89ab064cdc404e0734f161842190825b8d042a30ac,2022-11-01,01 Early Contract,0,0,-725,FTTC,35,34.586,Online - Affiliate,Fibre 35 (FTTC-OR),568
c509aad6caea2efa86075c5b8c4888d77ca0f6fcd30f94a375684d654a3adce4,2024-05-01,02 In Contract,0,0,-473,MPF,18,0.0,Migrated Customer,Fast Broadband,6259
3943ca4638ef87bc2ecc86c27775159b6e86d9f79d07a0c998b016249ba07655,2024-07-01,02 In Contract,0,0,-323,FTTC,35,39.997,Migrated Customer,Fibre 35 (FTTC-OR),3428
f4c7dda5d44935343074ed8b127608a13bcef4144452fa622ce2d46463c6da7e,2024-07-01,06 OOC,0,0,591,GFAST,150,159.840390625,Online - Affiliate,Fibre 150 (GFast-OR),1447
84e598cdfb9f0b163158f461ff7d52e027b9a8a898707de036dffdaec647bbb2,2023-10-01,02 In Contract,0,0,-453,FTTC,40,39.997,Migrated Customer,Faster Fibre,5910
df8ec98f954cca4bd90fdfe8944a4b086c3cb3d31f6f29b8b08501c4c29a334e,2023-02-01,06 OOC,0,0,234,FTTC,35,0.0,Online - Affiliate,Fibre 35 (FTTC-OR),1335
78595457c0e13f4b46fab7892ee8c7270726b70d4b0b03413be5df9b4f6bc789,2024-03-01,06 OOC,0,0,757,FTTC,40,39.997,Partners,Faster Fibre,1305
2f55b115e4d8a071a213d3fc49002528b2f92229c554aa603415547793b3e4bc,2024-09-01,02 In Contract,0,0,-342,FTTC,65,66.999,Migrated Customer,Fibre 65 (FTTC-OR),6348
8f676110ebcb784b3874a951104b7118bed193ef8e2c637aac8c565ac823abef,2023-11-01,05 Newly OOC,0,0,20,FTTC,65,0.0,Partners,Fibre 65 (FTTC-OR),567
d34f586fd9e7d0c9163447865fe3d151340d92694d870602c8954a2c1dfb8a24,2024-06-01,02 In Contract,0,0,-313,FTTC,65,79.999,Online - Search,Fibre 65 (FTTC-OR),1150
f4d467c6ec8f49892a41fd3e0b5fae1e395603e5c5c2be7b25f081000a48b482,2023-01-01,06 OOC,0,0,3382,FTTC,35,33.962,Migrated Customer,Fibre 35 (FTTC-OR),4806
860b8b97a66b474c7fe9a761ab79e33131aa628e6d953cda2629957b1ebe5b37,2023-09-01,02 In Contract,0,0,-630,FTTC,65,39.999,Unknown,Fibre 65 (FTTC-OR),4432
095d5f0adc982fee764c35bb8f6752af4d432296c3a504fe159e7221758c9a93,2022-09-01,01 Early Contract,0,0,-539,FTTC,35,40.0,Online - Search,Fibre 35 (FTTC-OR),9
0f8f757ae2c733fb28a0fd99e3b762125810c0ce3b8e7f416708513b353741fe,2023-02-01,06 OOC,0,0,988,FTTC,40,39.968,Migrated Customer,Faster Fibre,5845
1deb0ee2e943da6c2640092dc4ad5f3abc6a9417af9da7d5c7eef385248baf84,2024-01-01,03 Soon to be OOC,0,0,-53,FTTC,65,74.0,Online - Affiliate,Fibre 65 (FTTC-OR),1644
c96d030d735d324dc4e422a0045b6c8e7821f385e558e5d70228c3430b946f1c,2024-08-01,02 In Contract,0,0,-270,FTTC,35,0.0,Retail,Fibre 35 (FTTC-OR),2684
2df91c630bc8d3482fe6b26130ae5d94820effac70251096029fdff42b6dfc62,2024-08-01,02 In Contract,1,0,-300,FTTC,65,36.37622265625,Online - Affiliate,Fibre 65 (FTTC-OR),1511
3943ca4638ef87bc2ecc86c27775159b6e86d9f79d07a0c998b016249ba07655,2024-03-01,02 In Contract,0,0,-445,FTTC,35,39.997,Migrated Customer,Fibre 35 (FTTC-OR),3306
0b9177d8570746e7f3c6f5a70a312fd2108d236caacc25c365a82fc6fe2b7b06,2024-04-01,05 Newly OOC,0,0,59,FTTC,65,53.33130859375,Online - Affiliate,Fibre 65 (FTTC-OR),1124
095d5f0adc982fee764c35bb8f6752af4d432296c3a504fe159e7221758c9a93,2024-09-01,02 In Contract,0,0,-348,FTTC,35,30.0,Online - Search,Fibre 35 (FTTC-OR),740
eb89d4d3324cf1653509e450a3da9f8a9cfbe2b376ad5c7f40857c86e5c4c2e7,2022-11-01,01 Early Contract,0,0,-485,FTTC,65,50.488,Online - Search,Fibre 65 (FTTC-OR),61
70ffb6de9a95ee691a6d33d0bbc15461b0110d2de0ed2b6f762623fcd28f4f86,2022-11-01,04 Coming OOC,0,0,-17,FTTC,65,79.649,Online - Ambient,Fibre 65 (FTTC-OR),2384
d34f586fd9e7d0c9163447865fe3d151340d92694d870602c8954a2c1dfb8a24,2023-06-01,01 Early Contract,0,0,-679,FTTC,65,79.999,Online - Search,Fibre 65 (FTTC-OR),784
8f676110ebcb784b3874a951104b7118bed193ef8e2c637aac8c565ac823abef,2022-11-01,02 In Contract,0,0,-345,FTTC,65,59.7593984375,Partners,Fibre 65 (FTTC-OR),202
70ffb6de9a95ee691a6d33d0bbc15461b0110d2de0ed2b6f762623fcd28f4f86,2024-04-01,02 In Contract,0,0,-245,GFAST,150,159.9123125,Online - Ambient,Fibre 150 (GFast-OR),2901
40eb4c21a3ec2c02572246f560410411a95488c6f701630bbc3e37b3cc2b6564,2023-11-01,05 Newly OOC,0,0,44,FTTC,65,79.992,Unknown,Fibre 65 (FTTC-OR),4618
98890cd1dab71729707c03ed024528f8298fd368b3de09f9ed6b1e5e5b5aac95,2024-07-01,06 OOC,0,0,752,FTTC,65,0.0,Inbound,Fibre 65 (FTTC-OR),4117
4b05b4c9a1e78ce07098dbd2547c2557cb64805b76ca321954171fd1fced6c2e,2023-03-01,02 In Contract,0,0,-596,FTTC,65,41.804,Retail,Fibre 65 (FTTC-OR),1541
e1e81a5cc9d06bed409119e9ecef243c56315d5271a97ce36fc22149d37a0acf,2022-10-01,06 OOC,0,0,457,FTTC,40,40.0,Unknown,Faster Fibre,1003
a068f22c6b859a8a67c7d763845d23ebe74206212d41367402e3255acd74ac36,2023-04-01,06 OOC,0,0,1562,FTTC,35,10.089,Unknown,Fibre 35 (FTTC-OR),3398
78595457c0e13f4b46fab7892ee8c7270726b70d4b0b03413be5df9b4f6bc789,2022-12-01,06 OOC,0,0,301,FTTC,40,39.997,Partners,Faster Fibre,849
8970fd42d2595dc063a823e416e5bb795a555bb6e31d72d8fd53b8af2e2405c5,2023-07-01,03 Soon to be OOC,0,0,-73,FTTC,65,79.999,Webchat,Fibre 65 (FTTC-OR),291
095d5f0adc982fee764c35bb8f6752af4d432296c3a504fe159e7221758c9a93,2023-03-01,02 In Contract,0,0,-358,FTTC,35,39.999,Online - Search,Fibre 35 (FTTC-OR),190
f4d467c6ec8f49892a41fd3e0b5fae1e395603e5c5c2be7b25f081000a48b482,2023-08-01,06 OOC,0,0,3594,FTTC,35,31.536,Migrated Customer,Fibre 35 (FTTC-OR),5018
8b7445923a168558fcbf59968581d6a185f73250b1246c35c63517cea481bcc1,2023-08-01,04 Coming OOC,0,0,-1,FTTC,35,34.96214453125,Inbound,Fibre 35 (FTTC-OR),3330
836edb40f715fc636480bc0648dfb85d05eb24848c8170a41df24d3270537b8a,2023-09-01,02 In Contract,0,0,-545,FTTC,65,79.999,Migrated Customer,Fibre 65 (FTTC-OR),5644
2f55b115e4d8a071a213d3fc49002528b2f92229c554aa603415547793b3e4bc,2023-10-01,01 Early Contract,0,0,-678,FTTC,65,56.49883203125,Migrated Customer,Fibre 65 (FTTC-OR),6012
6472a9da95a49abb30c83a833d4facbebbcd6657aa11d443d8fa3cd0365b5739,2024-08-01,02 In Contract,0,0,-560,FTTC,35,32.399,Online - Affiliate,Fibre 35 (FTTC-OR),1410
2df91c630bc8d3482fe6b26130ae5d94820effac70251096029fdff42b6dfc62,2022-12-01,02 In Contract,0,0,-199,FTTC,65,10.49825,Online - Affiliate,Fibre 65 (FTTC-OR),902
c96d030d735d324dc4e422a0045b6c8e7821f385e558e5d70228c3430b946f1c,2023-08-01,02 In Contract,0,0,-636,FTTC,35,0.0,Retail,Fibre 35 (FTTC-OR),2318
43c5c5f2592ca40f05fc2cb5732ba8522be99ca2b9d4bfc8268b2aa303b708cb,2024-03-01,03 Soon to be OOC,0,0,-34,FTTC,65,79.553,Migrated Customer,Fibre 65 (FTTC-OR),5027
1deb0ee2e943da6c2640092dc4ad5f3abc6a9417af9da7d5c7eef385248baf84,2023-10-01,02 In Contract,0,0,-145,FTTC,65,74.0,Online - Affiliate,Fibre 65 (FTTC-OR),1552
f8f0c4a31b3b3280f60e792f8022a704a9c0588f179f84cdafee8ef2e32d15f2,2023-08-01,04 Coming OOC,0,0,-20,GFAST,150,73.079,Online - Affiliate,Fibre 150 (GFast-OR),1797
4b05b4c9a1e78ce07098dbd2547c2557cb64805b76ca321954171fd1fced6c2e,2024-04-01,02 In Contract,0,0,-199,FTTC,65,42.779,Retail,Fibre 65 (FTTC-OR),1938
1f91cd418d6d9f4afb9958632b7d2327ab009b2817656a79edc72f080997eb03,2023-05-01,02 In Contract,0,0,-172,FTTC,65,79.999,Partners,Fibre 65 (FTTC-OR),375
e1e81a5cc9d06bed409119e9ecef243c56315d5271a97ce36fc22149d37a0acf,2023-11-01,06 OOC,0,0,853,FTTC,40,40.0,Unknown,Faster Fibre,1399
3943ca4638ef87bc2ecc86c27775159b6e86d9f79d07a0c998b016249ba07655,2024-09-01,02 In Contract,0,0,-261,FTTC,35,39.997,Migrated Customer,Fibre 35 (FTTC-OR),3490
1deb0ee2e943da6c2640092dc4ad5f3abc6a9417af9da7d5c7eef385248baf84,2023-06-01,02 In Contract,0,0,-267,FTTC,65,74.0,Online - Affiliate,Fibre 65 (FTTC-OR),1430
0b9177d8570746e7f3c6f5a70a312fd2108d236caacc25c365a82fc6fe2b7b06,2023-03-01,02 In Contract,0,0,-338,FTTC,65,56.669,Online - Affiliate,Fibre 65 (FTTC-OR),727
2df91c630bc8d3482fe6b26130ae5d94820effac70251096029fdff42b6dfc62,2023-04-01,03 Soon to be OOC,0,0,-78,FTTC,65,63.4995,Online - Affiliate,Fibre 65 (FTTC-OR),1023
065ef94f96807115ebe0aa89ab064cdc404e0734f161842190825b8d042a30ac,2023-02-01,02 In Contract,0,0,-633,FTTC,35,34.421,Online - Affiliate,Fibre 35 (FTTC-OR),660
40eb4c21a3ec2c02572246f560410411a95488c6f701630bbc3e37b3cc2b6564,2023-01-01,02 In Contract,0,0,-260,FTTC,65,79.992,Unknown,Fibre 65 (FTTC-OR),4314
f4d467c6ec8f49892a41fd3e0b5fae1e395603e5c5c2be7b25f081000a48b482,2024-04-01,06 OOC,0,0,3838,FTTC,35,39.999,Migrated Customer,Fibre 35 (FTTC-OR),5262
65cac803e3a66e335d6a72614d8d35eec87893de171c370be475f23085f06f5e,2023-06-01,01 Early Contract,0,0,-488,GFAST,150,159.793,Inbound,Fibre 150 (GFast-OR),1393
c509aad6caea2efa86075c5b8c4888d77ca0f6fcd30f94a375684d654a3adce4,2024-01-01,02 In Contract,0,0,-594,MPF,18,0.0,Migrated Customer,Fast Broadband,6138
43c5c5f2592ca40f05fc2cb5732ba8522be99ca2b9d4bfc8268b2aa303b708cb,2023-02-01,02 In Contract,0,0,-428,FTTC,65,74.0,Migrated Customer,Fibre 65 (FTTC-OR),4633
43c5c5f2592ca40f05fc2cb5732ba8522be99ca2b9d4bfc8268b2aa303b708cb,2022-08-01,03 Soon to be OOC,0,0,-81,FTTC,65,74.0,Migrated Customer,Fibre 65 (FTTC-OR),4449
c96d030d735d324dc4e422a0045b6c8e7821f385e558e5d70228c3430b946f1c,2023-06-01,01 Early Contract,0,0,-697,FTTC,35,0.0,Retail,Fibre 35 (FTTC-OR),2257
0f8f757ae2c733fb28a0fd99e3b762125810c0ce3b8e7f416708513b353741fe,2023-03-01,06 OOC,0,0,1016,FTTC,40,39.968,Migrated Customer,Faster Fibre,5873
c0d55e7207c5bb2dd46f229e97401372073249d8db6bb6c1d2e54092adad77a9,2023-09-01,04 Coming OOC,0,0,-20,FTTC,65,80.0,Partners,Fibre 65 (FTTC-OR),1070
09489001d45b26b33bf41cfd702fe33acac720642f3a8c2b282b08d5373781a3,2023-07-01,05 Newly OOC,0,0,23,FTTC,65,44.892,Retail,Fibre 65 (FTTC-OR),1306
1deb0ee2e943da6c2640092dc4ad5f3abc6a9417af9da7d5c7eef385248baf84,2023-11-01,02 In Contract,0,0,-114,FTTC,65,74.0,Online - Affiliate,Fibre 65 (FTTC-OR),1583
84e598cdfb9f0b163158f461ff7d52e027b9a8a898707de036dffdaec647bbb2,2024-02-01,02 In Contract,0,0,-330,FTTC,40,39.997,Migrated Customer,Faster Fibre,6033
84e598cdfb9f0b163158f461ff7d52e027b9a8a898707de036dffdaec647bbb2,2023-06-01,06 OOC,0,0,467,FTTC,40,39.997,Migrated Customer,Faster Fibre,5788
ca0287834bcfb91017d8a43edaed26498daa4ca061bf29d897073e3eb751e171,2024-05-01,02 In Contract,0,0,-453,FTTC,65,64.75675,Online - Search,Fibre 65 (FTTC-OR),1309
8b7445923a168558fcbf59968581d6a185f73250b1246c35c63517cea481bcc1,2023-05-01,02 In Contract,0,0,-93,FTTC,35,23.7127265625,Inbound,Fibre 35 (FTTC-OR),3238
1f91cd418d6d9f4afb9958632b7d2327ab009b2817656a79edc72f080997eb03,2023-04-01,02 In Contract,0,0,-202,FTTC,65,79.961,Partners,Fibre 65 (FTTC-OR),345
70ffb6de9a95ee691a6d33d0bbc15461b0110d2de0ed2b6f762623fcd28f4f86,2024-03-01,02 In Contract,0,0,-276,GFAST,150,159.919,Online - Ambient,Fibre 150 (GFast-OR),2870
b8f4fb33be9fe204b9de079931dc398e3ba6af441d556ca950e28ed672f5708d,2023-10-01,06 OOC,0,0,290,FTTC,35,40.0,Retail,Fibre 35 (FTTC-OR),2657
b8f4fb33be9fe204b9de079931dc398e3ba6af441d556ca950e28ed672f5708d,2022-10-01,03 Soon to be OOC,0,0,-75,FTTC,35,40.0,Retail,Fibre 35 (FTTC-OR),2292
836edb40f715fc636480bc0648dfb85d05eb24848c8170a41df24d3270537b8a,2022-08-01,02 In Contract,0,0,-423,FTTC,65,79.999,Migrated Customer,Fibre 65 (FTTC-OR),5248
c0d55e7207c5bb2dd46f229e97401372073249d8db6bb6c1d2e54092adad77a9,2023-07-01,03 Soon to be OOC,0,0,-82,FTTC,65,78.007296875,Partners,Fibre 65 (FTTC-OR),1008
83cc2e032ef2ef9184621674d8120442c65b8b3c87f43cc85f94cf7cfcae397e,2022-12-01,02 In Contract,0,0,-127,FTTC,65,27.396,Unknown,Fibre 65 (FTTC-OR),4515
fe06ba4e6270757c21ab21aa0770d77d60ffc371df42b8c00ac37da159747194,2024-01-01,06 OOC,0,0,299,FTTC,35,39.806,Retail,Fibre 35 (FTTC-OR),2509
fe06ba4e6270757c21ab21aa0770d77d60ffc371df42b8c00ac37da159747194,2023-07-01,06 OOC,0,0,115,FTTC,35,39.806,Retail,Fibre 35 (FTTC-OR),2325
f8f0c4a31b3b3280f60e792f8022a704a9c0588f179f84cdafee8ef2e32d15f2,2022-11-01,02 In Contract,0,0,-293,GFAST,150,83.7207109375,Online - Affiliate,Fibre 150 (GFast-OR),1524
f4c7dda5d44935343074ed8b127608a13bcef4144452fa622ce2d46463c6da7e,2024-08-01,06 OOC,0,0,622,GFAST,150,159.835,Online - Affiliate,Fibre 150 (GFast-OR),1478
5b19356380bf12894575ae0957c53370c235a7e524c28766875f00620e8f9cba,2024-04-01,06 OOC,0,0,1169,FTTC,40,35.0,Migrated Customer,Faster Fibre,6213
2f55b115e4d8a071a213d3fc49002528b2f92229c554aa603415547793b3e4bc,2024-02-01,02 In Contract,0,0,-555,FTTC,65,59.999,Migrated Customer,Fibre 65 (FTTC-OR),6135
095d5f0adc982fee764c35bb8f6752af4d432296c3a504fe159e7221758c9a93,2024-07-01,02 In Contract,0,0,-410,FTTC,35,32.4,Online - Search,Fibre 35 (FTTC-OR),678
a068f22c6b859a8a67c7d763845d23ebe74206212d41367402e3255acd74ac36,2023-01-01,06 OOC,0,0,1472,FTTC,35,20.11,Unknown,Fibre 35 (FTTC-OR),3308
065ef94f96807115ebe0aa89ab064cdc404e0734f161842190825b8d042a30ac,2022-09-01,03 Soon to be OOC,0,0,-40,FTTC,35,33.056,Online - Affiliate,Fibre 35 (FTTC-OR),507
b8f4fb33be9fe204b9de079931dc398e3ba6af441d556ca950e28ed672f5708d,2022-12-01,04 Coming OOC,0,0,-14,FTTC,35,40.0,Retail,Fibre 35 (FTTC-OR),2353
413181d0680c5b6ff1a1e00196dc8f24ffec47714f0b55e6395bd234bd8d14aa,2023-06-01,02 In Contract,0,0,-406,FTTC,65,69.1033359375,Online - Affiliate,Fibre 65 (FTTC-OR),671
0f8f757ae2c733fb28a0fd99e3b762125810c0ce3b8e7f416708513b353741fe,2024-02-01,06 OOC,0,0,1353,FTTC,40,39.999,Migrated Customer,Faster Fibre,6210
09489001d45b26b33bf41cfd702fe33acac720642f3a8c2b282b08d5373781a3,2023-12-01,06 OOC,0,0,176,FTTC,65,45.826,Retail,Fibre 65 (FTTC-OR),1459
8b7445923a168558fcbf59968581d6a185f73250b1246c35c63517cea481bcc1,2024-05-01,06 OOC,0,0,273,FTTC,35,26.553857421875,Inbound,Fibre 35 (FTTC-OR),3604
98890cd1dab71729707c03ed024528f8298fd368b3de09f9ed6b1e5e5b5aac95,2024-02-01,06 OOC,0,0,601,FTTC,65,0.0,Inbound,Fibre 65 (FTTC-OR),3966
836edb40f715fc636480bc0648dfb85d05eb24848c8170a41df24d3270537b8a,2022-12-01,02 In Contract,0,0,-301,FTTC,65,79.999,Migrated Customer,Fibre 65 (FTTC-OR),5370
0f8f757ae2c733fb28a0fd99e3b762125810c0ce3b8e7f416708513b353741fe,2022-09-01,06 OOC,0,0,835,FTTC,40,39.968,Migrated Customer,Faster Fibre,5692
413181d0680c5b6ff1a1e00196dc8f24ffec47714f0b55e6395bd234bd8d14aa,2022-11-01,03 Soon to be OOC,0,0,-89,FTTC,65,68.995796875,Online - Affiliate,Fibre 65 (FTTC-OR),459
09489001d45b26b33bf41cfd702fe33acac720642f3a8c2b282b08d5373781a3,2024-02-01,06 OOC,0,0,238,FTTC,65,46.5,Retail,Fibre 65 (FTTC-OR),1521
8970fd42d2595dc063a823e416e5bb795a555bb6e31d72d8fd53b8af2e2405c5,2022-10-01,01 Early Contract,0,0,-346,FTTC,65,65.91578125,Webchat,Fibre 65 (FTTC-OR),18
df8ec98f954cca4bd90fdfe8944a4b086c3cb3d31f6f29b8b08501c4c29a334e,2023-12-01,06 OOC,1,1,537,FTTC,35,0.0,Online - Affiliate,Fibre 35 (FTTC-OR),1638
c96d030d735d324dc4e422a0045b6c8e7821f385e558e5d70228c3430b946f1c,2023-12-01,02 In Contract,0,0,-514,FTTC,35,0.0,Retail,Fibre 35 (FTTC-OR),2440
d34f586fd9e7d0c9163447865fe3d151340d92694d870602c8954a2c1dfb8a24,2024-03-01,02 In Contract,0,0,-405,FTTC,65,79.999,Online - Search,Fibre 65 (FTTC-OR),1058
df8ec98f954cca4bd90fdfe8944a4b086c3cb3d31f6f29b8b08501c4c29a334e,2022-09-01,05 Newly OOC,0,0,81,FTTC,35,0.0,Online - Affiliate,Fibre 35 (FTTC-OR),1182
f8f0c4a31b3b3280f60e792f8022a704a9c0588f179f84cdafee8ef2e32d15f2,2023-03-01,02 In Contract,0,0,-173,GFAST,150,94.407,Online - Affiliate,Fibre 150 (GFast-OR),1644
836edb40f715fc636480bc0648dfb85d05eb24848c8170a41df24d3270537b8a,2024-07-01,02 In Contract,0,0,-241,FTTC,65,79.999,Migrated Customer,Fibre 65 (FTTC-OR),5948
d34f586fd9e7d0c9163447865fe3d151340d92694d870602c8954a2c1dfb8a24,2024-07-01,02 In Contract,0,0,-283,FTTC,65,79.999,Online - Search,Fibre 65 (FTTC-OR),1180
5b19356380bf12894575ae0957c53370c235a7e524c28766875f00620e8f9cba,2023-06-01,06 OOC,0,0,864,FTTC,40,34.992,Migrated Customer,Faster Fibre,5908
e1e81a5cc9d06bed409119e9ecef243c56315d5271a97ce36fc22149d37a0acf,2022-09-01,06 OOC,0,0,427,FTTC,40,40.0,Unknown,Faster Fibre,973
70ffb6de9a95ee691a6d33d0bbc15461b0110d2de0ed2b6f762623fcd28f4f86,2022-10-01,03 Soon to be OOC,0,0,-48,FTTC,65,79.649,Online - Ambient,Fibre 65 (FTTC-OR),2353
413181d0680c5b6ff1a1e00196dc8f24ffec47714f0b55e6395bd234bd8d14aa,2022-08-01,02 In Contract,0,0,-181,FTTC,65,71.5075,Online - Affiliate,Fibre 65 (FTTC-OR),367
df8ec98f954cca4bd90fdfe8944a4b086c3cb3d31f6f29b8b08501c4c29a334e,2023-08-01,06 OOC,0,0,415,FTTC,35,0.0,Online - Affiliate,Fibre 35 (FTTC-OR),1516
40eb4c21a3ec2c02572246f560410411a95488c6f701630bbc3e37b3cc2b6564,2024-01-01,06 OOC,0,0,105,FTTC,65,79.998,Unknown,Fibre 65 (FTTC-OR),4679
78595457c0e13f4b46fab7892ee8c7270726b70d4b0b03413be5df9b4f6bc789,2023-04-01,06 OOC,0,0,422,FTTC,40,39.997,Partners,Faster Fibre,970
db6306555807649ba084ad7191708c64382856ac4cd364f379530436757cab25,2023-03-01,06 OOC,0,0,502,FTTC,40,39.97471484375,Online - Search,Faster Fibre,1049
2f55b115e4d8a071a213d3fc49002528b2f92229c554aa603415547793b3e4bc,2023-12-01,02 In Contract,0,0,-617,FTTC,65,48.999,Migrated Customer,Fibre 65 (FTTC-OR),6073
f4c7dda5d44935343074ed8b127608a13bcef4144452fa622ce2d46463c6da7e,2024-04-01,06 OOC,0,0,500,GFAST,150,159.8946875,Online - Affiliate,Fibre 150 (GFast-OR),1356
65cac803e3a66e335d6a72614d8d35eec87893de171c370be475f23085f06f5e,2024-03-01,02 In Contract,0,0,-214,GFAST,150,159.901328125,Inbound,Fibre 150 (GFast-OR),1667
98890cd1dab71729707c03ed024528f8298fd368b3de09f9ed6b1e5e5b5aac95,2023-06-01,06 OOC,0,0,356,FTTC,65,0.0,Inbound,Fibre 65 (FTTC-OR),3721
ca0287834bcfb91017d8a43edaed26498daa4ca061bf29d897073e3eb751e171,2023-09-01,01 Early Contract,0,0,-696,FTTC,65,65.6606015625,Online - Search,Fibre 65 (FTTC-OR),1066
eb89d4d3324cf1653509e450a3da9f8a9cfbe2b376ad5c7f40857c86e5c4c2e7,2023-12-01,03 Soon to be OOC,0,0,-90,FTTC,65,48.999,Online - Search,Fibre 65 (FTTC-OR),456
f8f0c4a31b3b3280f60e792f8022a704a9c0588f179f84cdafee8ef2e32d15f2,2023-06-01,03 Soon to be OOC,0,0,-81,GFAST,150,81.55221875,Online - Affiliate,Fibre 150 (GFast-OR),1736
df8ec98f954cca4bd90fdfe8944a4b086c3cb3d31f6f29b8b08501c4c29a334e,2023-01-01,06 OOC,0,0,203,FTTC,35,0.0,Online - Affiliate,Fibre 35 (FTTC-OR),1304
8b7445923a168558fcbf59968581d6a185f73250b1246c35c63517cea481bcc1,2023-10-01,05 Newly OOC,0,0,60,FTTC,35,26.999833984375,Inbound,Fibre 35 (FTTC-OR),3391
2f55b115e4d8a071a213d3fc49002528b2f92229c554aa603415547793b3e4bc,2024-01-01,02 In Contract,0,0,-586,FTTC,65,59.999,Migrated Customer,Fibre 65 (FTTC-OR),6104
eca84e5bd4f4eb9a693f483ad98c24af59a61de9cab23fdc75bccd34c511407f,2022-10-01,01 Early Contract,0,0,-706,FTTC,65,79.999,Online - Search,Fibre 65 (FTTC-OR),982
09489001d45b26b33bf41cfd702fe33acac720642f3a8c2b282b08d5373781a3,2024-01-01,06 OOC,0,0,207,FTTC,65,45.826,Retail,Fibre 65 (FTTC-OR),1490
8b7445923a168558fcbf59968581d6a185f73250b1246c35c63517cea481bcc1,2024-01-01,06 OOC,0,0,152,FTTC,35,22.08230859375,Inbound,Fibre 35 (FTTC-OR),3483
43c5c5f2592ca40f05fc2cb5732ba8522be99ca2b9d4bfc8268b2aa303b708cb,2024-02-01,03 Soon to be OOC,0,0,-63,FTTC,65,65.31377734375,Migrated Customer,Fibre 65 (FTTC-OR),4998
3943ca4638ef87bc2ecc86c27775159b6e86d9f79d07a0c998b016249ba07655,2023-06-01,01 Early Contract,0,0,-719,FTTC,35,39.997,Migrated Customer,Fibre 35 (FTTC-OR),3032
4b05b4c9a1e78ce07098dbd2547c2557cb64805b76ca321954171fd1fced6c2e,2023-06-01,02 In Contract,0,0,-504,FTTC,65,42.11185546875,Retail,Fibre 65 (FTTC-OR),1633
c96d030d735d324dc4e422a0045b6c8e7821f385e558e5d70228c3430b946f1c,2024-07-01,02 In Contract,0,0,-301,FTTC,35,0.0,Retail,Fibre 35 (FTTC-OR),2653
4b05b4c9a1e78ce07098dbd2547c2557cb64805b76ca321954171fd1fced6c2e,2022-12-01,01 Early Contract,0,0,-686,FTTC,65,42.638,Retail,Fibre 65 (FTTC-OR),1451
84e598cdfb9f0b163158f461ff7d52e027b9a8a898707de036dffdaec647bbb2,2024-05-01,02 In Contract,0,0,-240,FTTC,40,39.997,Migrated Customer,Faster Fibre,6123
2df91c630bc8d3482fe6b26130ae5d94820effac70251096029fdff42b6dfc62,2024-01-01,01 Early Contract,0,0,-513,FTTC,65,57.4466171875,Online - Affiliate,Fibre 65 (FTTC-OR),1298
2f55b115e4d8a071a213d3fc49002528b2f92229c554aa603415547793b3e4bc,2022-12-01,06 OOC,0,0,119,FTTC,65,34.0495,Migrated Customer,Fibre 65 (FTTC-OR),5708
fe06ba4e6270757c21ab21aa0770d77d60ffc371df42b8c00ac37da159747194,2023-05-01,05 Newly OOC,0,0,54,FTTC,35,39.806,Retail,Fibre 35 (FTTC-OR),2264
c509aad6caea2efa86075c5b8c4888d77ca0f6fcd30f94a375684d654a3adce4,2023-07-01,06 OOC,0,0,352,MPF,18,0.0,Migrated Customer,Fast Broadband,5954
40eb4c21a3ec2c02572246f560410411a95488c6f701630bbc3e37b3cc2b6564,2023-04-01,02 In Contract,0,0,-170,FTTC,65,79.992,Unknown,Fibre 65 (FTTC-OR),4404
095d5f0adc982fee764c35bb8f6752af4d432296c3a504fe159e7221758c9a93,2023-10-01,02 In Contract,0,0,-144,FTTC,35,28.265,Online - Search,Fibre 35 (FTTC-OR),404
ca0287834bcfb91017d8a43edaed26498daa4ca061bf29d897073e3eb751e171,2024-07-01,02 In Contract,0,0,-392,FTTC,65,64.38569140625,Online - Search,Fibre 65 (FTTC-OR),1370
0f8f757ae2c733fb28a0fd99e3b762125810c0ce3b8e7f416708513b353741fe,2022-12-01,06 OOC,0,0,926,FTTC,40,39.968,Migrated Customer,Faster Fibre,5783
3943ca4638ef87bc2ecc86c27775159b6e86d9f79d07a0c998b016249ba07655,2022-10-01,02 In Contract,0,0,-262,FTTC,35,39.997,Migrated Customer,Fibre 35 (FTTC-OR),2789
e1e81a5cc9d06bed409119e9ecef243c56315d5271a97ce36fc22149d37a0acf,2024-04-01,06 OOC,0,0,1005,FTTC,40,39.997,Unknown,Faster Fibre,1551
43c5c5f2592ca40f05fc2cb5732ba8522be99ca2b9d4bfc8268b2aa303b708cb,2024-04-01,04 Coming OOC,0,0,-3,FTTC,65,79.7414609375,Migrated Customer,Fibre 65 (FTTC-OR),5058
413181d0680c5b6ff1a1e00196dc8f24ffec47714f0b55e6395bd234bd8d14aa,2023-10-01,02 In Contract,0,0,-284,FTTC,65,67.201,Online - Affiliate,Fibre 65 (FTTC-OR),793
78595457c0e13f4b46fab7892ee8c7270726b70d4b0b03413be5df9b4f6bc789,2023-06-01,06 OOC,0,0,483,FTTC,40,38.18622265625,Partners,Faster Fibre,1031
f4d467c6ec8f49892a41fd3e0b5fae1e395603e5c5c2be7b25f081000a48b482,2022-12-01,06 OOC,0,0,3351,FTTC,35,31.636,Migrated Customer,Fibre 35 (FTTC-OR),4775
6472a9da95a49abb30c83a833d4facbebbcd6657aa11d443d8fa3cd0365b5739,2022-08-01,03 Soon to be OOC,0,0,-59,FTTC,35,36.92333203125,Online - Affiliate,Fibre 35 (FTTC-OR),679
ca0287834bcfb91017d8a43edaed26498daa4ca061bf29d897073e3eb751e171,2024-02-01,02 In Contract,0,0,-543,FTTC,65,64.03422265625,Online - Search,Fibre 65 (FTTC-OR),1219
413181d0680c5b6ff1a1e00196dc8f24ffec47714f0b55e6395bd234bd8d14aa,2022-10-01,02 In Contract,0,0,-120,FTTC,65,68.64121875,Online - Affiliate,Fibre 65 (FTTC-OR),428
2f55b115e4d8a071a213d3fc49002528b2f92229c554aa603415547793b3e4bc,2022-11-01,05 Newly OOC,0,0,89,FTTC,65,35.0,Migrated Customer,Fibre 65 (FTTC-OR),5678
a068f22c6b859a8a67c7d763845d23ebe74206212d41367402e3255acd74ac36,2024-04-01,06 OOC,0,0,1928,FTTC,35,20.894,Unknown,Fibre 35 (FTTC-OR),3764
2e5ed2e2db64db39c6c5c64aa349bf920f6826dcfe75c45d4a25d60385e07ad1,2022-12-01,03 Soon to be OOC,0,0,-66,FTTC,65,54.988,Online - Affiliate,Fibre 65 (FTTC-OR),482
0b9177d8570746e7f3c6f5a70a312fd2108d236caacc25c365a82fc6fe2b7b06,2024-03-01,05 Newly OOC,0,0,28,FTTC,65,52.97014453125,Online - Affiliate,Fibre 65 (FTTC-OR),1093
09489001d45b26b33bf41cfd702fe33acac720642f3a8c2b282b08d5373781a3,2022-11-01,02 In Contract,0,0,-219,FTTC,65,40.26171484375,Retail,Fibre 65 (FTTC-OR),1064
f4c7dda5d44935343074ed8b127608a13bcef4144452fa622ce2d46463c6da7e,2022-11-01,04 Coming OOC,0,0,-17,GFAST,150,159.878859375,Online - Affiliate,Fibre 150 (GFast-OR),839
a068f22c6b859a8a67c7d763845d23ebe74206212d41367402e3255acd74ac36,2024-05-01,06 OOC,0,0,1958,FTTC,35,12.53,Unknown,Fibre 35 (FTTC-OR),3794
09489001d45b26b33bf41cfd702fe33acac720642f3a8c2b282b08d5373781a3,2022-09-01,02 In Contract,0,0,-280,FTTC,65,39.53022265625,Retail,Fibre 65 (FTTC-OR),1003
84e598cdfb9f0b163158f461ff7d52e027b9a8a898707de036dffdaec647bbb2,2022-08-01,06 OOC,0,0,163,FTTC,40,39.997,Migrated Customer,Faster Fibre,5484
65cac803e3a66e335d6a72614d8d35eec87893de171c370be475f23085f06f5e,2022-08-01,02 In Contract,0,0,-229,FTTC,35,24.314333984375,Inbound,Fibre 35 (FTTC-OR),1089
f4c7dda5d44935343074ed8b127608a13bcef4144452fa622ce2d46463c6da7e,2023-02-01,05 Newly OOC,0,0,75,GFAST,150,159.94075,Online - Affiliate,Fibre 150 (GFast-OR),931
4d994624c7349bd4d9fb2016cb35ac14d50ee8595fb73dc7d7400f2fd5714f9e,2023-03-01,06 OOC,0,0,1115,FTTC,40,0.0,Migrated Customer,Faster Fibre,5501
4d994624c7349bd4d9fb2016cb35ac14d50ee8595fb73dc7d7400f2fd5714f9e,2023-02-01,06 OOC,0,0,1087,FTTC,40,0.0,Migrated Customer,Faster Fibre,5473
78595457c0e13f4b46fab7892ee8c7270726b70d4b0b03413be5df9b4f6bc789,2024-02-01,06 OOC,0,0,728,FTTC,40,39.997,Partners,Faster Fibre,1276
8b7445923a168558fcbf59968581d6a185f73250b1246c35c63517cea481bcc1,2024-08-01,06 OOC,0,0,365,FTTC,35,39.36522265625,Inbound,Fibre 35 (FTTC-OR),3696
70ffb6de9a95ee691a6d33d0bbc15461b0110d2de0ed2b6f762623fcd28f4f86,2024-05-01,02 In Contract,0,0,-215,GFAST,150,159.908,Online - Ambient,Fibre 150 (GFast-OR),2931
8970fd42d2595dc063a823e416e5bb795a555bb6e31d72d8fd53b8af2e2405c5,2023-04-01,02 In Contract,0,0,-164,FTTC,65,77.199,Webchat,Fibre 65 (FTTC-OR),200
5b19356380bf12894575ae0957c53370c235a7e524c28766875f00620e8f9cba,2024-01-01,06 OOC,0,0,1078,FTTC,40,35.0,Migrated Customer,Faster Fibre,6122
09489001d45b26b33bf41cfd702fe33acac720642f3a8c2b282b08d5373781a3,2023-02-01,02 In Contract,0,0,-127,FTTC,65,40.376,Retail,Fibre 65 (FTTC-OR),1156
d34f586fd9e7d0c9163447865fe3d151340d92694d870602c8954a2c1dfb8a24,2023-11-01,02 In Contract,0,0,-526,FTTC,65,68.623125,Online - Search,Fibre 65 (FTTC-OR),937
5b19356380bf12894575ae0957c53370c235a7e524c28766875f00620e8f9cba,2023-09-01,06 OOC,0,0,956,FTTC,40,34.992,Migrated Customer,Faster Fibre,6000
fe06ba4e6270757c21ab21aa0770d77d60ffc371df42b8c00ac37da159747194,2023-11-01,06 OOC,0,0,238,FTTC,35,39.806,Retail,Fibre 35 (FTTC-OR),2448
0b9177d8570746e7f3c6f5a70a312fd2108d236caacc25c365a82fc6fe2b7b06,2023-10-01,02 In Contract,0,0,-124,FTTC,65,53.183,Online - Affiliate,Fibre 65 (FTTC-OR),941
b8f4fb33be9fe204b9de079931dc398e3ba6af441d556ca950e28ed672f5708d,2023-08-01,06 OOC,0,0,229,FTTC,35,40.0,Retail,Fibre 35 (FTTC-OR),2596
836edb40f715fc636480bc0648dfb85d05eb24848c8170a41df24d3270537b8a,2023-07-01,02 In Contract,0,0,-607,FTTC,65,79.9991015625,Migrated Customer,Fibre 65 (FTTC-OR),5582
db6306555807649ba084ad7191708c64382856ac4cd364f379530436757cab25,2022-08-01,06 OOC,0,0,290,FTTC,40,39.93575,Online - Search,Faster Fibre,837
83cc2e032ef2ef9184621674d8120442c65b8b3c87f43cc85f94cf7cfcae397e,2022-09-01,02 In Contract,0,0,-218,FTTC,65,27.396,Unknown,Fibre 65 (FTTC-OR),4424
860b8b97a66b474c7fe9a761ab79e33131aa628e6d953cda2629957b1ebe5b37,2022-09-01,02 In Contract,0,0,-292,FTTC,65,39.999,Unknown,Fibre 65 (FTTC-OR),4067
98890cd1dab71729707c03ed024528f8298fd368b3de09f9ed6b1e5e5b5aac95,2023-08-01,06 OOC,0,0,417,FTTC,65,0.0,Inbound,Fibre 65 (FTTC-OR),3782
43c5c5f2592ca40f05fc2cb5732ba8522be99ca2b9d4bfc8268b2aa303b708cb,2022-10-01,04 Coming OOC,0,0,-20,FTTC,65,74.0,Migrated Customer,Fibre 65 (FTTC-OR),4510
065ef94f96807115ebe0aa89ab064cdc404e0734f161842190825b8d042a30ac,2023-04-01,02 In Contract,0,0,-574,FTTC,35,34.421,Online - Affiliate,Fibre 35 (FTTC-OR),719
2df91c630bc8d3482fe6b26130ae5d94820effac70251096029fdff42b6dfc62,2023-09-01,05 Newly OOC,0,0,75,FTTC,65,41.39,Online - Affiliate,Fibre 65 (FTTC-OR),1176
ca0287834bcfb91017d8a43edaed26498daa4ca061bf29d897073e3eb751e171,2023-05-01,03 Soon to be OOC,0,0,-36,FTTC,65,57.4272734375,Online - Search,Fibre 65 (FTTC-OR),943
84e598cdfb9f0b163158f461ff7d52e027b9a8a898707de036dffdaec647bbb2,2023-07-01,01 Early Contract,0,0,-545,FTTC,40,39.997,Migrated Customer,Faster Fibre,5818
f4c7dda5d44935343074ed8b127608a13bcef4144452fa622ce2d46463c6da7e,2023-08-01,06 OOC,0,0,256,GFAST,150,159.859578125,Online - Affiliate,Fibre 150 (GFast-OR),1112
40eb4c21a3ec2c02572246f560410411a95488c6f701630bbc3e37b3cc2b6564,2023-09-01,04 Coming OOC,0,0,-17,FTTC,65,79.992,Unknown,Fibre 65 (FTTC-OR),4557
84e598cdfb9f0b163158f461ff7d52e027b9a8a898707de036dffdaec647bbb2,2023-08-01,01 Early Contract,0,0,-514,FTTC,40,39.997,Migrated Customer,Faster Fibre,5849
8f676110ebcb784b3874a951104b7118bed193ef8e2c637aac8c565ac823abef,2023-05-01,02 In Contract,0,0,-164,FTTC,65,58.085453125,Partners,Fibre 65 (FTTC-OR),383
095d5f0adc982fee764c35bb8f6752af4d432296c3a504fe159e7221758c9a93,2023-01-01,02 In Contract,0,0,-417,FTTC,35,39.999,Online - Search,Fibre 35 (FTTC-OR),131
1f91cd418d6d9f4afb9958632b7d2327ab009b2817656a79edc72f080997eb03,2022-10-01,02 In Contract,0,0,-384,FTTC,65,79.998,Partners,Fibre 65 (FTTC-OR),163
fe06ba4e6270757c21ab21aa0770d77d60ffc371df42b8c00ac37da159747194,2023-10-01,06 OOC,0,0,207,FTTC,35,34.287,Retail,Fibre 35 (FTTC-OR),2417
65cac803e3a66e335d6a72614d8d35eec87893de171c370be475f23085f06f5e,2023-08-01,02 In Contract,0,0,-427,GFAST,150,159.838578125,Inbound,Fibre 150 (GFast-OR),1454
b8f4fb33be9fe204b9de079931dc398e3ba6af441d556ca950e28ed672f5708d,2023-04-01,06 OOC,0,0,107,FTTC,35,40.0,Retail,Fibre 35 (FTTC-OR),2474
eca84e5bd4f4eb9a693f483ad98c24af59a61de9cab23fdc75bccd34c511407f,2024-02-01,02 In Contract,0,0,-218,FTTC,65,79.999,Online - Search,Fibre 65 (FTTC-OR),1470
065ef94f96807115ebe0aa89ab064cdc404e0734f161842190825b8d042a30ac,2024-04-01,02 In Contract,0,0,-208,FTTC,35,39.81615234375,Online - Affiliate,Fibre 35 (FTTC-OR),1085
ca0287834bcfb91017d8a43edaed26498daa4ca061bf29d897073e3eb751e171,2022-10-01,02 In Contract,0,0,-248,FTTC,65,64.23422265625,Online - Search,Fibre 65 (FTTC-OR),731
c96d030d735d324dc4e422a0045b6c8e7821f385e558e5d70228c3430b946f1c,2022-09-01,02 In Contract,0,0,-276,FTTC,35,40.0,Retail,Fibre 35 (FTTC-OR),1984
83cc2e032ef2ef9184621674d8120442c65b8b3c87f43cc85f94cf7cfcae397e,2024-01-01,02 In Contract,0,0,-267,FTTC,65,27.399,Unknown,Fibre 65 (FTTC-OR),4911
0b9177d8570746e7f3c6f5a70a312fd2108d236caacc25c365a82fc6fe2b7b06,2024-02-01,04 Coming OOC,0,0,-1,FTTC,65,53.088625,Online - Affiliate,Fibre 65 (FTTC-OR),1064
c96d030d735d324dc4e422a0045b6c8e7821f385e558e5d70228c3430b946f1c,2023-09-01,02 In Contract,0,0,-605,FTTC,35,0.0,Retail,Fibre 35 (FTTC-OR),2349
83cc2e032ef2ef9184621674d8120442c65b8b3c87f43cc85f94cf7cfcae397e,2022-08-01,02 In Contract,0,0,-249,FTTC,65,27.396,Unknown,Fibre 65 (FTTC-OR),4393
f4c7dda5d44935343074ed8b127608a13bcef4144452fa622ce2d46463c6da7e,2023-11-01,06 OOC,0,0,348,GFAST,150,159.8785,Online - Affiliate,Fibre 150 (GFast-OR),1204
2f55b115e4d8a071a213d3fc49002528b2f92229c554aa603415547793b3e4bc,2022-09-01,05 Newly OOC,0,0,28,FTTC,65,34.996,Migrated Customer,Fibre 65 (FTTC-OR),5617
0f8f757ae2c733fb28a0fd99e3b762125810c0ce3b8e7f416708513b353741fe,2023-07-01,06 OOC,0,0,1138,FTTC,40,39.968,Migrated Customer,Faster Fibre,5995
70ffb6de9a95ee691a6d33d0bbc15461b0110d2de0ed2b6f762623fcd28f4f86,2024-02-01,02 In Contract,0,0,-305,GFAST,150,159.922328125,Online - Ambient,Fibre 150 (GFast-OR),2841
ca0287834bcfb91017d8a43edaed26498daa4ca061bf29d897073e3eb751e171,2024-09-01,02 In Contract,0,0,-330,FTTC,65,71.2281015625,Online - Search,Fibre 65 (FTTC-OR),1432
2f55b115e4d8a071a213d3fc49002528b2f92229c554aa603415547793b3e4bc,2024-04-01,02 In Contract,0,0,-495,FTTC,65,59.999,Migrated Customer,Fibre 65 (FTTC-OR),6195
c0d55e7207c5bb2dd46f229e97401372073249d8db6bb6c1d2e54092adad77a9,2023-11-01,05 Newly OOC,0,0,41,FTTC,65,0.0,Partners,Fibre 65 (FTTC-OR),1131
c0d55e7207c5bb2dd46f229e97401372073249d8db6bb6c1d2e54092adad77a9,2023-01-01,02 In Contract,0,0,-263,FTTC,65,77.37025,Partners,Fibre 65 (FTTC-OR),827
4b05b4c9a1e78ce07098dbd2547c2557cb64805b76ca321954171fd1fced6c2e,2023-07-01,02 In Contract,0,0,-474,FTTC,65,39.9691015625,Retail,Fibre 65 (FTTC-OR),1663
c509aad6caea2efa86075c5b8c4888d77ca0f6fcd30f94a375684d654a3adce4,2023-09-01,01 Early Contract,0,0,-716,MPF,18,0.0,Migrated Customer,Fast Broadband,6016
f4d467c6ec8f49892a41fd3e0b5fae1e395603e5c5c2be7b25f081000a48b482,2023-12-01,06 OOC,0,0,3716,FTTC,35,39.99680078125,Migrated Customer,Fibre 35 (FTTC-OR),5140
d34f586fd9e7d0c9163447865fe3d151340d92694d870602c8954a2c1dfb8a24,2024-04-01,02 In Contract,0,0,-374,FTTC,65,79.999,Online - Search,Fibre 65 (FTTC-OR),1089
f4c7dda5d44935343074ed8b127608a13bcef4144452fa622ce2d46463c6da7e,2024-01-01,06 OOC,0,0,409,GFAST,150,159.902609375,Online - Affiliate,Fibre 150 (GFast-OR),1265
6472a9da95a49abb30c83a833d4facbebbcd6657aa11d443d8fa3cd0365b5739,2024-06-01,02 In Contract,0,0,-621,FTTC,35,32.399,Online - Affiliate,Fibre 35 (FTTC-OR),1349
c509aad6caea2efa86075c5b8c4888d77ca0f6fcd30f94a375684d654a3adce4,2024-02-01,02 In Contract,0,0,-563,MPF,18,0.0,Migrated Customer,Fast Broadband,6169
8970fd42d2595dc063a823e416e5bb795a555bb6e31d72d8fd53b8af2e2405c5,2023-01-01,02 In Contract,0,0,-254,FTTC,65,78.44875,Webchat,Fibre 65 (FTTC-OR),110
65cac803e3a66e335d6a72614d8d35eec87893de171c370be475f23085f06f5e,2023-01-01,03 Soon to be OOC,0,0,-76,FTTC,35,24.996,Inbound,Fibre 35 (FTTC-OR),1242
0b9177d8570746e7f3c6f5a70a312fd2108d236caacc25c365a82fc6fe2b7b06,2024-01-01,03 Soon to be OOC,0,0,-32,FTTC,65,52.8195390625,Online - Affiliate,Fibre 65 (FTTC-OR),1033
09489001d45b26b33bf41cfd702fe33acac720642f3a8c2b282b08d5373781a3,2022-08-01,02 In Contract,0,0,-311,FTTC,65,38.068,Retail,Fibre 65 (FTTC-OR),972
eca84e5bd4f4eb9a693f483ad98c24af59a61de9cab23fdc75bccd34c511407f,2023-04-01,02 In Contract,0,0,-524,FTTC,65,79.999,Online - Search,Fibre 65 (FTTC-OR),1164
d34f586fd9e7d0c9163447865fe3d151340d92694d870602c8954a2c1dfb8a24,2022-12-01,02 In Contract,0,0,-127,FTTC,65,79.999,Online - Search,Fibre 65 (FTTC-OR),602
eb89d4d3324cf1653509e450a3da9f8a9cfbe2b376ad5c7f40857c86e5c4c2e7,2022-12-01,02 In Contract,0,0,-455,FTTC,65,47.742,Online - Search,Fibre 65 (FTTC-OR),91
a068f22c6b859a8a67c7d763845d23ebe74206212d41367402e3255acd74ac36,2024-06-01,06 OOC,0,0,1989,FTTC,35,12.134,Unknown,Fibre 35 (FTTC-OR),3825
2df91c630bc8d3482fe6b26130ae5d94820effac70251096029fdff42b6dfc62,2024-04-01,02 In Contract,0,0,-422,FTTC,65,42.076078125,Online - Affiliate,Fibre 65 (FTTC-OR),1389
83cc2e032ef2ef9184621674d8120442c65b8b3c87f43cc85f94cf7cfcae397e,2023-07-01,02 In Contract,0,0,-451,FTTC,65,27.396,Unknown,Fibre 65 (FTTC-OR),4727
f8f0c4a31b3b3280f60e792f8022a704a9c0588f179f84cdafee8ef2e32d15f2,2023-05-01,02 In Contract,0,0,-112,GFAST,150,86.832,Online - Affiliate,Fibre 150 (GFast-OR),1705
43c5c5f2592ca40f05fc2cb5732ba8522be99ca2b9d4bfc8268b2aa303b708cb,2023-01-01,01 Early Contract,0,0,-459,FTTC,65,74.0,Migrated Customer,Fibre 65 (FTTC-OR),4602
f8f0c4a31b3b3280f60e792f8022a704a9c0588f179f84cdafee8ef2e32d15f2,2022-12-01,02 In Contract,0,0,-263,GFAST,150,87.845875,Online - Affiliate,Fibre 150 (GFast-OR),1554
8f676110ebcb784b3874a951104b7118bed193ef8e2c637aac8c565ac823abef,2023-01-01,02 In Contract,0,0,-284,FTTC,65,55.294,Partners,Fibre 65 (FTTC-OR),263
4d994624c7349bd4d9fb2016cb35ac14d50ee8595fb73dc7d7400f2fd5714f9e,2023-07-01,06 OOC,1,1,1237,FTTC,40,0.0,Migrated Customer,Faster Fibre,5623
40eb4c21a3ec2c02572246f560410411a95488c6f701630bbc3e37b3cc2b6564,2022-11-01,02 In Contract,0,0,-321,FTTC,65,79.992,Unknown,Fibre 65 (FTTC-OR),4253
d34f586fd9e7d0c9163447865fe3d151340d92694d870602c8954a2c1dfb8a24,2024-02-01,02 In Contract,0,0,-434,FTTC,65,79.999,Online - Search,Fibre 65 (FTTC-OR),1029
e1e81a5cc9d06bed409119e9ecef243c56315d5271a97ce36fc22149d37a0acf,2024-07-01,06 OOC,0,0,1096,FTTC,40,39.997,Unknown,Faster Fibre,1642
c96d030d735d324dc4e422a0045b6c8e7821f385e558e5d70228c3430b946f1c,2023-11-01,02 In Contract,0,0,-544,FTTC,35,0.0,Retail,Fibre 35 (FTTC-OR),2410
4b05b4c9a1e78ce07098dbd2547c2557cb64805b76ca321954171fd1fced6c2e,2024-09-01,03 Soon to be OOC,0,0,-46,FTTC,65,42.276,Retail,Fibre 65 (FTTC-OR),2091
83cc2e032ef2ef9184621674d8120442c65b8b3c87f43cc85f94cf7cfcae397e,2023-09-01,02 In Contract,0,0,-389,FTTC,65,27.396,Unknown,Fibre 65 (FTTC-OR),4789
70ffb6de9a95ee691a6d33d0bbc15461b0110d2de0ed2b6f762623fcd28f4f86,2023-11-01,02 In Contract,0,0,-397,GFAST,150,159.99575,Online - Ambient,Fibre 150 (GFast-OR),2749
0b9177d8570746e7f3c6f5a70a312fd2108d236caacc25c365a82fc6fe2b7b06,2022-09-01,01 Early Contract,0,0,-519,FTTC,65,55.453,Online - Affiliate,Fibre 65 (FTTC-OR),546
75b1217140bb8ddc6bb3458315e10f58dcb4e7841517bb32b8bca149a1b832a6,2023-11-01,06 OOC,0,0,692,GFAST,150,0.0,Online - Affiliate,Fibre 150 (GFast-OR),1239
d34f586fd9e7d0c9163447865fe3d151340d92694d870602c8954a2c1dfb8a24,2022-10-01,02 In Contract,0,0,-188,FTTC,65,79.999,Online - Search,Fibre 65 (FTTC-OR),541
78595457c0e13f4b46fab7892ee8c7270726b70d4b0b03413be5df9b4f6bc789,2024-06-01,06 OOC,0,0,849,FTTC,40,39.997,Partners,Faster Fibre,1397
0f8f757ae2c733fb28a0fd99e3b762125810c0ce3b8e7f416708513b353741fe,2024-03-01,06 OOC,0,0,1382,FTTC,40,39.999,Migrated Customer,Faster Fibre,6239
eca84e5bd4f4eb9a693f483ad98c24af59a61de9cab23fdc75bccd34c511407f,2024-06-01,02 In Contract,0,0,-97,FTTC,65,79.999,Online - Search,Fibre 65 (FTTC-OR),1591
f4d467c6ec8f49892a41fd3e0b5fae1e395603e5c5c2be7b25f081000a48b482,2024-07-01,06 OOC,0,0,3929,FTTC,35,39.999,Migrated Customer,Fibre 35 (FTTC-OR),5353
f4c7dda5d44935343074ed8b127608a13bcef4144452fa622ce2d46463c6da7e,2022-12-01,05 Newly OOC,0,0,13,GFAST,150,159.914,Online - Affiliate,Fibre 150 (GFast-OR),869
2f55b115e4d8a071a213d3fc49002528b2f92229c554aa603415547793b3e4bc,2022-08-01,04 Coming OOC,0,0,-3,FTTC,65,38.08366796875,Migrated Customer,Fibre 65 (FTTC-OR),5586
1deb0ee2e943da6c2640092dc4ad5f3abc6a9417af9da7d5c7eef385248baf84,2023-08-01,02 In Contract,0,0,-206,FTTC,65,74.0,Online - Affiliate,Fibre 65 (FTTC-OR),1491
a068f22c6b859a8a67c7d763845d23ebe74206212d41367402e3255acd74ac36,2023-07-01,06 OOC,0,0,1653,FTTC,35,11.087,Unknown,Fibre 35 (FTTC-OR),3489
eca84e5bd4f4eb9a693f483ad98c24af59a61de9cab23fdc75bccd34c511407f,2023-08-01,02 In Contract,0,0,-402,FTTC,65,79.999,Online - Search,Fibre 65 (FTTC-OR),1286
095d5f0adc982fee764c35bb8f6752af4d432296c3a504fe159e7221758c9a93,2024-08-01,02 In Contract,0,0,-379,FTTC,35,30.8,Online - Search,Fibre 35 (FTTC-OR),709
3943ca4638ef87bc2ecc86c27775159b6e86d9f79d07a0c998b016249ba07655,2024-04-01,02 In Contract,0,0,-414,FTTC,35,39.997,Migrated Customer,Fibre 35 (FTTC-OR),3337
4b05b4c9a1e78ce07098dbd2547c2557cb64805b76ca321954171fd1fced6c2e,2023-08-01,02 In Contract,0,0,-443,FTTC,65,41.73471484375,Retail,Fibre 65 (FTTC-OR),1694
4b05b4c9a1e78ce07098dbd2547c2557cb64805b76ca321954171fd1fced6c2e,2023-02-01,02 In Contract,0,0,-624,FTTC,65,42.855,Retail,Fibre 65 (FTTC-OR),1513
65cac803e3a66e335d6a72614d8d35eec87893de171c370be475f23085f06f5e,2024-01-01,02 In Contract,0,0,-274,GFAST,150,159.185234375,Inbound,Fibre 150 (GFast-OR),1607
fe06ba4e6270757c21ab21aa0770d77d60ffc371df42b8c00ac37da159747194,2023-09-01,06 OOC,0,0,177,FTTC,35,39.806,Retail,Fibre 35 (FTTC-OR),2387
e1e81a5cc9d06bed409119e9ecef243c56315d5271a97ce36fc22149d37a0acf,2023-08-01,06 OOC,0,0,761,FTTC,40,40.0,Unknown,Faster Fibre,1307
1f91cd418d6d9f4afb9958632b7d2327ab009b2817656a79edc72f080997eb03,2023-06-01,02 In Contract,0,0,-141,FTTC,65,79.999,Partners,Fibre 65 (FTTC-OR),406
095d5f0adc982fee764c35bb8f6752af4d432296c3a504fe159e7221758c9a93,2023-11-01,02 In Contract,0,0,-113,FTTC,35,36.21025,Online - Search,Fibre 35 (FTTC-OR),435
75b1217140bb8ddc6bb3458315e10f58dcb4e7841517bb32b8bca149a1b832a6,2023-05-01,06 OOC,0,0,508,GFAST,150,148.718546875,Online - Affiliate,Fibre 150 (GFast-OR),1055
f4c7dda5d44935343074ed8b127608a13bcef4144452fa622ce2d46463c6da7e,2023-07-01,06 OOC,0,0,225,GFAST,150,159.8295,Online - Affiliate,Fibre 150 (GFast-OR),1081
8b7445923a168558fcbf59968581d6a185f73250b1246c35c63517cea481bcc1,2022-12-01,02 In Contract,0,0,-244,FTTC,35,24.325125,Inbound,Fibre 35 (FTTC-OR),3087
836edb40f715fc636480bc0648dfb85d05eb24848c8170a41df24d3270537b8a,2023-01-01,02 In Contract,0,0,-270,FTTC,65,79.999,Migrated Customer,Fibre 65 (FTTC-OR),5401
f4c7dda5d44935343074ed8b127608a13bcef4144452fa622ce2d46463c6da7e,2023-09-01,06 OOC,0,0,287,GFAST,150,159.819328125,Online - Affiliate,Fibre 150 (GFast-OR),1143
8b7445923a168558fcbf59968581d6a185f73250b1246c35c63517cea481bcc1,2023-11-01,06 OOC,0,0,91,FTTC,35,19.999,Inbound,Fibre 35 (FTTC-OR),3422
1deb0ee2e943da6c2640092dc4ad5f3abc6a9417af9da7d5c7eef385248baf84,2022-09-01,01 Early Contract,0,0,-540,FTTC,65,79.999,Online - Affiliate,Fibre 65 (FTTC-OR),1157
40eb4c21a3ec2c02572246f560410411a95488c6f701630bbc3e37b3cc2b6564,2024-06-01,06 OOC,0,0,257,FTTC,65,79.998,Unknown,Fibre 65 (FTTC-OR),4831
43c5c5f2592ca40f05fc2cb5732ba8522be99ca2b9d4bfc8268b2aa303b708cb,2022-11-01,01 Early Contract,0,0,-520,FTTC,65,74.0,Migrated Customer,Fibre 65 (FTTC-OR),4541
4e474ec042cda8f2df61fa599acd5bdb2cad82d460d20c875a5b3dc0c6ce7c92,2022-08-01,02 In Contract,0,0,-323,FTTC,35,39.997,Partners,Fibre 35 (FTTC-OR),223
e1e81a5cc9d06bed409119e9ecef243c56315d5271a97ce36fc22149d37a0acf,2024-06-01,06 OOC,0,0,1066,FTTC,40,39.997,Unknown,Faster Fibre,1612
78595457c0e13f4b46fab7892ee8c7270726b70d4b0b03413be5df9b4f6bc789,2023-03-01,06 OOC,0,0,391,FTTC,40,39.997,Partners,Faster Fibre,939
09489001d45b26b33bf41cfd702fe33acac720642f3a8c2b282b08d5373781a3,2022-10-01,02 In Contract,0,0,-250,FTTC,65,40.7,Retail,Fibre 65 (FTTC-OR),1033
1deb0ee2e943da6c2640092dc4ad5f3abc6a9417af9da7d5c7eef385248baf84,2023-05-01,02 In Contract,0,0,-298,FTTC,65,74.0,Online - Affiliate,Fibre 65 (FTTC-OR),1399
c96d030d735d324dc4e422a0045b6c8e7821f385e558e5d70228c3430b946f1c,2024-06-01,02 In Contract,0,0,-331,FTTC,35,0.0,Retail,Fibre 35 (FTTC-OR),2623
78595457c0e13f4b46fab7892ee8c7270726b70d4b0b03413be5df9b4f6bc789,2024-04-01,06 OOC,0,0,788,FTTC,40,39.997,Partners,Faster Fibre,1336
8970fd42d2595dc063a823e416e5bb795a555bb6e31d72d8fd53b8af2e2405c5,2023-02-01,02 In Contract,0,0,-223,FTTC,65,78.522,Webchat,Fibre 65 (FTTC-OR),141
78595457c0e13f4b46fab7892ee8c7270726b70d4b0b03413be5df9b4f6bc789,2022-08-01,06 OOC,0,0,179,FTTC,40,39.997,Partners,Faster Fibre,727
836edb40f715fc636480bc0648dfb85d05eb24848c8170a41df24d3270537b8a,2023-05-01,01 Early Contract,0,0,-668,FTTC,65,79.999,Migrated Customer,Fibre 65 (FTTC-OR),5521
62f689100485d8d4738734be2e60b4051b7036dd3d1f20aa6c77859353109a21,2022-09-01,03 Soon to be OOC,1,0,-87,GFAST,150,159.89878125,Online - Search,Fibre 150 (GFast-OR),461
2f55b115e4d8a071a213d3fc49002528b2f92229c554aa603415547793b3e4bc,2023-09-01,01 Early Contract,0,0,-708,FTTC,65,54.999,Migrated Customer,Fibre 65 (FTTC-OR),5982
c509aad6caea2efa86075c5b8c4888d77ca0f6fcd30f94a375684d654a3adce4,2023-06-01,06 OOC,0,0,322,MPF,18,0.0,Migrated Customer,Fast Broadband,5924
065ef94f96807115ebe0aa89ab064cdc404e0734f161842190825b8d042a30ac,2022-10-01,04 Coming OOC,0,0,-10,FTTC,35,33.906,Online - Affiliate,Fibre 35 (FTTC-OR),537
83cc2e032ef2ef9184621674d8120442c65b8b3c87f43cc85f94cf7cfcae397e,2024-06-01,02 In Contract,0,0,-115,FTTC,65,29.76263671875,Unknown,Fibre 65 (FTTC-OR),5063
836edb40f715fc636480bc0648dfb85d05eb24848c8170a41df24d3270537b8a,2024-09-01,02 In Contract,0,0,-179,FTTC,65,79.999,Migrated Customer,Fibre 65 (FTTC-OR),6010
b8f4fb33be9fe204b9de079931dc398e3ba6af441d556ca950e28ed672f5708d,2023-12-01,06 OOC,0,0,351,FTTC,35,39.999,Retail,Fibre 35 (FTTC-OR),2718
4b05b4c9a1e78ce07098dbd2547c2557cb64805b76ca321954171fd1fced6c2e,2023-12-01,02 In Contract,0,0,-321,FTTC,65,41.67,Retail,Fibre 65 (FTTC-OR),1816
4b05b4c9a1e78ce07098dbd2547c2557cb64805b76ca321954171fd1fced6c2e,2022-09-01,03 Soon to be OOC,0,0,-73,FTTC,65,41.17533203125,Retail,Fibre 65 (FTTC-OR),1360
84e598cdfb9f0b163158f461ff7d52e027b9a8a898707de036dffdaec647bbb2,2023-02-01,06 OOC,0,0,347,FTTC,40,39.997,Migrated Customer,Faster Fibre,5668
c509aad6caea2efa86075c5b8c4888d77ca0f6fcd30f94a375684d654a3adce4,2023-10-01,01 Early Contract,0,0,-686,MPF,18,0.0,Migrated Customer,Fast Broadband,6046
fe06ba4e6270757c21ab21aa0770d77d60ffc371df42b8c00ac37da159747194,2023-04-01,05 Newly OOC,0,0,24,FTTC,35,39.806,Retail,Fibre 35 (FTTC-OR),2234
65cac803e3a66e335d6a72614d8d35eec87893de171c370be475f23085f06f5e,2024-09-01,04 Coming OOC,0,0,-30,GFAST,150,159.859265625,Inbound,Fibre 150 (GFast-OR),1851
f4d467c6ec8f49892a41fd3e0b5fae1e395603e5c5c2be7b25f081000a48b482,2023-05-01,06 OOC,0,0,3502,FTTC,35,34.9032734375,Migrated Customer,Fibre 35 (FTTC-OR),4926
6472a9da95a49abb30c83a833d4facbebbcd6657aa11d443d8fa3cd0365b5739,2023-08-01,02 In Contract,0,0,-405,FTTC,35,34.99814453125,Online - Affiliate,Fibre 35 (FTTC-OR),1044
d34f586fd9e7d0c9163447865fe3d151340d92694d870602c8954a2c1dfb8a24,2024-05-01,02 In Contract,0,0,-344,FTTC,65,79.999,Online - Search,Fibre 65 (FTTC-OR),1119
0f8f757ae2c733fb28a0fd99e3b762125810c0ce3b8e7f416708513b353741fe,2023-05-01,06 OOC,0,0,1077,FTTC,40,29.19636328125,Migrated Customer,Faster Fibre,5934
413181d0680c5b6ff1a1e00196dc8f24ffec47714f0b55e6395bd234bd8d14aa,2023-02-01,01 Early Contract,0,0,-526,FTTC,65,68.72,Online - Affiliate,Fibre 65 (FTTC-OR),551
1f91cd418d6d9f4afb9958632b7d2327ab009b2817656a79edc72f080997eb03,2022-09-01,02 In Contract,0,0,-414,FTTC,65,79.998,Partners,Fibre 65 (FTTC-OR),133
4b05b4c9a1e78ce07098dbd2547c2557cb64805b76ca321954171fd1fced6c2e,2023-11-01,02 In Contract,0,0,-351,FTTC,65,41.67,Retail,Fibre 65 (FTTC-OR),1786
836edb40f715fc636480bc0648dfb85d05eb24848c8170a41df24d3270537b8a,2023-02-01,02 In Contract,0,0,-239,FTTC,65,79.999,Migrated Customer,Fibre 65 (FTTC-OR),5432
3943ca4638ef87bc2ecc86c27775159b6e86d9f79d07a0c998b016249ba07655,2024-05-01,02 In Contract,0,0,-384,FTTC,35,39.997,Migrated Customer,Fibre 35 (FTTC-OR),3367
a068f22c6b859a8a67c7d763845d23ebe74206212d41367402e3255acd74ac36,2023-12-01,06 OOC,0,0,1806,FTTC,35,11.677,Unknown,Fibre 35 (FTTC-OR),3642
98890cd1dab71729707c03ed024528f8298fd368b3de09f9ed6b1e5e5b5aac95,2023-02-01,06 OOC,0,0,236,FTTC,65,0.0,Inbound,Fibre 65 (FTTC-OR),3601
d34f586fd9e7d0c9163447865fe3d151340d92694d870602c8954a2c1dfb8a24,2023-09-01,02 In Contract,0,0,-587,FTTC,65,79.999,Online - Search,Fibre 65 (FTTC-OR),876
065ef94f96807115ebe0aa89ab064cdc404e0734f161842190825b8d042a30ac,2022-12-01,01 Early Contract,0,0,-695,FTTC,35,34.528625,Online - Affiliate,Fibre 35 (FTTC-OR),598
ca0287834bcfb91017d8a43edaed26498daa4ca061bf29d897073e3eb751e171,2023-01-01,02 In Contract,0,0,-156,FTTC,65,58.002,Online - Search,Fibre 65 (FTTC-OR),823
f8f0c4a31b3b3280f60e792f8022a704a9c0588f179f84cdafee8ef2e32d15f2,2023-07-01,03 Soon to be OOC,0,0,-51,GFAST,150,71.606296875,Online - Affiliate,Fibre 150 (GFast-OR),1766
413181d0680c5b6ff1a1e00196dc8f24ffec47714f0b55e6395bd234bd8d14aa,2023-11-01,02 In Contract,0,0,-253,FTTC,65,67.733,Online - Affiliate,Fibre 65 (FTTC-OR),824
f4c7dda5d44935343074ed8b127608a13bcef4144452fa622ce2d46463c6da7e,2023-10-01,06 OOC,0,0,317,GFAST,150,159.837328125,Online - Affiliate,Fibre 150 (GFast-OR),1173
eca84e5bd4f4eb9a693f483ad98c24af59a61de9cab23fdc75bccd34c511407f,2024-04-01,02 In Contract,0,0,-158,FTTC,65,79.999,Online - Search,Fibre 65 (FTTC-OR),1530
c509aad6caea2efa86075c5b8c4888d77ca0f6fcd30f94a375684d654a3adce4,2024-04-01,02 In Contract,0,0,-503,MPF,18,0.0,Migrated Customer,Fast Broadband,6229
065ef94f96807115ebe0aa89ab064cdc404e0734f161842190825b8d042a30ac,2024-01-01,02 In Contract,0,0,-299,FTTC,35,39.8495390625,Online - Affiliate,Fibre 35 (FTTC-OR),994
5b19356380bf12894575ae0957c53370c235a7e524c28766875f00620e8f9cba,2023-12-01,06 OOC,0,0,1047,FTTC,40,35.0,Migrated Customer,Faster Fibre,6091
0f8f757ae2c733fb28a0fd99e3b762125810c0ce3b8e7f416708513b353741fe,2023-11-01,06 OOC,0,0,1261,FTTC,40,39.999,Migrated Customer,Faster Fibre,6118
ca0287834bcfb91017d8a43edaed26498daa4ca061bf29d897073e3eb751e171,2023-12-01,02 In Contract,0,0,-605,FTTC,65,64.143,Online - Search,Fibre 65 (FTTC-OR),1157
84e598cdfb9f0b163158f461ff7d52e027b9a8a898707de036dffdaec647bbb2,2022-12-01,06 OOC,0,0,285,FTTC,40,39.997,Migrated Customer,Faster Fibre,5606
65cac803e3a66e335d6a72614d8d35eec87893de171c370be475f23085f06f5e,2023-02-01,03 Soon to be OOC,0,0,-45,FTTC,35,32.4,Inbound,Fibre 35 (FTTC-OR),1273
09489001d45b26b33bf41cfd702fe33acac720642f3a8c2b282b08d5373781a3,2023-04-01,03 Soon to be OOC,0,0,-68,FTTC,65,40.376,Retail,Fibre 65 (FTTC-OR),1215
43c5c5f2592ca40f05fc2cb5732ba8522be99ca2b9d4bfc8268b2aa303b708cb,2023-07-01,02 In Contract,0,0,-278,FTTC,65,63.46480078125,Migrated Customer,Fibre 65 (FTTC-OR),4783
4e474ec042cda8f2df61fa599acd5bdb2cad82d460d20c875a5b3dc0c6ce7c92,2023-02-01,02 In Contract,0,0,-139,FTTC,35,39.997,Partners,Fibre 35 (FTTC-OR),407
0b9177d8570746e7f3c6f5a70a312fd2108d236caacc25c365a82fc6fe2b7b06,2024-05-01,05 Newly OOC,0,0,89,FTTC,65,52.805,Online - Affiliate,Fibre 65 (FTTC-OR),1154
b8f4fb33be9fe204b9de079931dc398e3ba6af441d556ca950e28ed672f5708d,2023-03-01,05 Newly OOC,0,0,76,FTTC,35,40.0,Retail,Fibre 35 (FTTC-OR),2443
6472a9da95a49abb30c83a833d4facbebbcd6657aa11d443d8fa3cd0365b5739,2023-06-01,02 In Contract,0,0,-466,FTTC,35,34.996,Online - Affiliate,Fibre 35 (FTTC-OR),983
40eb4c21a3ec2c02572246f560410411a95488c6f701630bbc3e37b3cc2b6564,2022-12-01,02 In Contract,0,0,-291,FTTC,65,79.992,Unknown,Fibre 65 (FTTC-OR),4283
860b8b97a66b474c7fe9a761ab79e33131aa628e6d953cda2629957b1ebe5b37,2024-09-01,02 In Contract,0,0,-475,FTTC,65,39.999,Unknown,Fibre 65 (FTTC-OR),4798
70ffb6de9a95ee691a6d33d0bbc15461b0110d2de0ed2b6f762623fcd28f4f86,2023-12-01,02 In Contract,0,0,-367,GFAST,150,159.37740625,Online - Ambient,Fibre 150 (GFast-OR),2779
a068f22c6b859a8a67c7d763845d23ebe74206212d41367402e3255acd74ac36,2023-10-01,06 OOC,0,0,1745,FTTC,35,19.122833984375,Unknown,Fibre 35 (FTTC-OR),3581
e1e81a5cc9d06bed409119e9ecef243c56315d5271a97ce36fc22149d37a0acf,2023-03-01,06 OOC,0,0,608,FTTC,40,39.996,Unknown,Faster Fibre,1154
98890cd1dab71729707c03ed024528f8298fd368b3de09f9ed6b1e5e5b5aac95,2023-05-01,06 OOC,0,0,325,FTTC,65,0.0,Inbound,Fibre 65 (FTTC-OR),3690
0b9177d8570746e7f3c6f5a70a312fd2108d236caacc25c365a82fc6fe2b7b06,2024-09-01,06 OOC,0,0,212,FTTC,65,53.859,Online - Affiliate,Fibre 65 (FTTC-OR),1277
2e5ed2e2db64db39c6c5c64aa349bf920f6826dcfe75c45d4a25d60385e07ad1,2022-08-01,02 In Contract,0,0,-188,FTTC,65,53.172,Online - Affiliate,Fibre 65 (FTTC-OR),360
2df91c630bc8d3482fe6b26130ae5d94820effac70251096029fdff42b6dfc62,2024-07-01,02 In Contract,1,1,-331,FTTC,65,41.1163828125,Online - Affiliate,Fibre 65 (FTTC-OR),1480
2df91c630bc8d3482fe6b26130ae5d94820effac70251096029fdff42b6dfc62,2023-03-01,02 In Contract,0,0,-109,FTTC,65,60.0,Online - Affiliate,Fibre 65 (FTTC-OR),992
860b8b97a66b474c7fe9a761ab79e33131aa628e6d953cda2629957b1ebe5b37,2024-07-01,02 In Contract,0,0,-537,FTTC,65,39.999,Unknown,Fibre 65 (FTTC-OR),4736
1deb0ee2e943da6c2640092dc4ad5f3abc6a9417af9da7d5c7eef385248baf84,2022-11-01,01 Early Contract,0,0,-479,FTTC,65,79.999,Online - Affiliate,Fibre 65 (FTTC-OR),1218
84e598cdfb9f0b163158f461ff7d52e027b9a8a898707de036dffdaec647bbb2,2023-01-01,06 OOC,0,0,316,FTTC,40,39.997,Migrated Customer,Faster Fibre,5637
df8ec98f954cca4bd90fdfe8944a4b086c3cb3d31f6f29b8b08501c4c29a334e,2023-09-01,06 OOC,0,0,446,FTTC,35,0.0,Online - Affiliate,Fibre 35 (FTTC-OR),1547
e1e81a5cc9d06bed409119e9ecef243c56315d5271a97ce36fc22149d37a0acf,2024-08-01,01 Early Contract,0,0,-713,FTTC,35,39.997,Unknown,Fibre 35 (FTTC-OR),1673
43c5c5f2592ca40f05fc2cb5732ba8522be99ca2b9d4bfc8268b2aa303b708cb,2024-05-01,05 Newly OOC,0,0,27,FTTC,65,79.2394296875,Migrated Customer,Fibre 65 (FTTC-OR),5088
84e598cdfb9f0b163158f461ff7d52e027b9a8a898707de036dffdaec647bbb2,2024-03-01,02 In Contract,0,0,-301,FTTC,40,39.997,Migrated Customer,Faster Fibre,6062
a068f22c6b859a8a67c7d763845d23ebe74206212d41367402e3255acd74ac36,2022-11-01,06 OOC,0,0,1411,FTTC,35,18.133,Unknown,Fibre 35 (FTTC-OR),3247
70ffb6de9a95ee691a6d33d0bbc15461b0110d2de0ed2b6f762623fcd28f4f86,2023-07-01,02 In Contract,0,0,-520,GFAST,150,160.063203125,Online - Ambient,Fibre 150 (GFast-OR),2626
43c5c5f2592ca40f05fc2cb5732ba8522be99ca2b9d4bfc8268b2aa303b708cb,2023-03-01,02 In Contract,0,0,-400,FTTC,65,74.0,Migrated Customer,Fibre 65 (FTTC-OR),4661
84e598cdfb9f0b163158f461ff7d52e027b9a8a898707de036dffdaec647bbb2,2023-09-01,01 Early Contract,0,0,-483,FTTC,40,39.997,Migrated Customer,Faster Fibre,5880
5b19356380bf12894575ae0957c53370c235a7e524c28766875f00620e8f9cba,2022-08-01,06 OOC,0,0,560,FTTC,40,34.99866796875,Migrated Customer,Faster Fibre,5604
c509aad6caea2efa86075c5b8c4888d77ca0f6fcd30f94a375684d654a3adce4,2023-03-01,06 OOC,0,0,230,MPF,18,0.0,Migrated Customer,Fast Broadband,5832
83cc2e032ef2ef9184621674d8120442c65b8b3c87f43cc85f94cf7cfcae397e,2023-04-01,01 Early Contract,0,0,-542,FTTC,65,27.396,Unknown,Fibre 65 (FTTC-OR),4636
860b8b97a66b474c7fe9a761ab79e33131aa628e6d953cda2629957b1ebe5b37,2024-04-01,02 In Contract,0,0,-628,FTTC,65,39.999,Unknown,Fibre 65 (FTTC-OR),4645
c0d55e7207c5bb2dd46f229e97401372073249d8db6bb6c1d2e54092adad77a9,2023-05-01,02 In Contract,0,0,-143,FTTC,65,79.842546875,Partners,Fibre 65 (FTTC-OR),947
0b9177d8570746e7f3c6f5a70a312fd2108d236caacc25c365a82fc6fe2b7b06,2023-04-01,02 In Contract,0,0,-307,FTTC,65,59.103,Online - Affiliate,Fibre 65 (FTTC-OR),758
c96d030d735d324dc4e422a0045b6c8e7821f385e558e5d70228c3430b946f1c,2022-10-01,02 In Contract,0,0,-246,FTTC,35,40.0,Retail,Fibre 35 (FTTC-OR),2014
eb89d4d3324cf1653509e450a3da9f8a9cfbe2b376ad5c7f40857c86e5c4c2e7,2023-10-01,02 In Contract,0,0,-151,FTTC,65,48.999,Online - Search,Fibre 65 (FTTC-OR),395
a068f22c6b859a8a67c7d763845d23ebe74206212d41367402e3255acd74ac36,2023-03-01,06 OOC,0,0,1531,FTTC,35,11.13125,Unknown,Fibre 35 (FTTC-OR),3367
4b05b4c9a1e78ce07098dbd2547c2557cb64805b76ca321954171fd1fced6c2e,2024-08-01,03 Soon to be OOC,0,0,-77,FTTC,65,41.91433203125,Retail,Fibre 65 (FTTC-OR),2060
0f8f757ae2c733fb28a0fd99e3b762125810c0ce3b8e7f416708513b353741fe,2024-09-01,06 OOC,0,0,1566,FTTC,40,39.999,Migrated Customer,Faster Fibre,6423
4e474ec042cda8f2df61fa599acd5bdb2cad82d460d20c875a5b3dc0c6ce7c92,2023-05-01,03 Soon to be OOC,1,1,-50,FTTC,35,39.997,Partners,Fibre 35 (FTTC-OR),496
eca84e5bd4f4eb9a693f483ad98c24af59a61de9cab23fdc75bccd34c511407f,2023-11-01,02 In Contract,0,0,-310,FTTC,65,79.999,Online - Search,Fibre 65 (FTTC-OR),1378
40eb4c21a3ec2c02572246f560410411a95488c6f701630bbc3e37b3cc2b6564,2023-08-01,03 Soon to be OOC,0,0,-48,FTTC,65,79.992,Unknown,Fibre 65 (FTTC-OR),4526
8970fd42d2595dc063a823e416e5bb795a555bb6e31d72d8fd53b8af2e2405c5,2023-06-01,02 In Contract,0,0,-103,FTTC,65,79.999,Webchat,Fibre 65 (FTTC-OR),261
2f55b115e4d8a071a213d3fc49002528b2f92229c554aa603415547793b3e4bc,2022-10-01,05 Newly OOC,0,0,58,FTTC,65,40.0,Migrated Customer,Fibre 65 (FTTC-OR),5647
5b19356380bf12894575ae0957c53370c235a7e524c28766875f00620e8f9cba,2022-09-01,06 OOC,0,0,591,FTTC,40,34.996,Migrated Customer,Faster Fibre,5635
78595457c0e13f4b46fab7892ee8c7270726b70d4b0b03413be5df9b4f6bc789,2024-09-01,06 OOC,0,0,941,FTTC,40,39.997,Partners,Faster Fibre,1489
fe06ba4e6270757c21ab21aa0770d77d60ffc371df42b8c00ac37da159747194,2024-08-01,06 OOC,0,0,512,FTTC,35,39.806,Retail,Fibre 35 (FTTC-OR),2722
40eb4c21a3ec2c02572246f560410411a95488c6f701630bbc3e37b3cc2b6564,2023-12-01,05 Newly OOC,0,0,74,FTTC,65,79.992,Unknown,Fibre 65 (FTTC-OR),4648
a068f22c6b859a8a67c7d763845d23ebe74206212d41367402e3255acd74ac36,2024-03-01,06 OOC,0,0,1897,FTTC,35,21.395666015625,Unknown,Fibre 35 (FTTC-OR),3733
4b05b4c9a1e78ce07098dbd2547c2557cb64805b76ca321954171fd1fced6c2e,2024-05-01,02 In Contract,0,0,-169,FTTC,65,42.623,Retail,Fibre 65 (FTTC-OR),1968
4b05b4c9a1e78ce07098dbd2547c2557cb64805b76ca321954171fd1fced6c2e,2023-04-01,02 In Contract,0,0,-565,FTTC,65,41.804,Retail,Fibre 65 (FTTC-OR),1572
70ffb6de9a95ee691a6d33d0bbc15461b0110d2de0ed2b6f762623fcd28f4f86,2024-01-01,02 In Contract,0,0,-336,GFAST,150,159.991390625,Online - Ambient,Fibre 150 (GFast-OR),2810
065ef94f96807115ebe0aa89ab064cdc404e0734f161842190825b8d042a30ac,2024-08-01,03 Soon to be OOC,0,0,-86,FTTC,35,14.6686669921875,Online - Affiliate,Fibre 35 (FTTC-OR),1207
3943ca4638ef87bc2ecc86c27775159b6e86d9f79d07a0c998b016249ba07655,2024-01-01,02 In Contract,0,0,-505,FTTC,35,39.997,Migrated Customer,Fibre 35 (FTTC-OR),3246
70ffb6de9a95ee691a6d33d0bbc15461b0110d2de0ed2b6f762623fcd28f4f86,2023-09-01,02 In Contract,0,0,-458,GFAST,150,159.98490625,Online - Ambient,Fibre 150 (GFast-OR),2688
b8f4fb33be9fe204b9de079931dc398e3ba6af441d556ca950e28ed672f5708d,2023-06-01,06 OOC,0,0,168,FTTC,35,40.0,Retail,Fibre 35 (FTTC-OR),2535
f4c7dda5d44935343074ed8b127608a13bcef4144452fa622ce2d46463c6da7e,2023-03-01,06 OOC,0,0,103,GFAST,150,159.93,Online - Affiliate,Fibre 150 (GFast-OR),959
c96d030d735d324dc4e422a0045b6c8e7821f385e558e5d70228c3430b946f1c,2024-03-01,02 In Contract,0,0,-423,FTTC,35,0.0,Retail,Fibre 35 (FTTC-OR),2531
c96d030d735d324dc4e422a0045b6c8e7821f385e558e5d70228c3430b946f1c,2024-04-01,02 In Contract,0,0,-392,FTTC,35,0.0,Retail,Fibre 35 (FTTC-OR),2562
43c5c5f2592ca40f05fc2cb5732ba8522be99ca2b9d4bfc8268b2aa303b708cb,2024-09-01,06 OOC,0,0,150,FTTC,65,79.998,Migrated Customer,Fibre 65 (FTTC-OR),5211
6472a9da95a49abb30c83a833d4facbebbcd6657aa11d443d8fa3cd0365b5739,2023-01-01,02 In Contract,0,0,-617,FTTC,35,37.137,Online - Affiliate,Fibre 35 (FTTC-OR),832
83cc2e032ef2ef9184621674d8120442c65b8b3c87f43cc85f94cf7cfcae397e,2023-08-01,02 In Contract,0,0,-420,FTTC,65,27.396,Unknown,Fibre 65 (FTTC-OR),4758
4e474ec042cda8f2df61fa599acd5bdb2cad82d460d20c875a5b3dc0c6ce7c92,2023-04-01,03 Soon to be OOC,0,0,-80,FTTC,35,39.997,Partners,Fibre 35 (FTTC-OR),466
70ffb6de9a95ee691a6d33d0bbc15461b0110d2de0ed2b6f762623fcd28f4f86,2023-10-01,02 In Contract,0,0,-428,GFAST,150,160.001171875,Online - Ambient,Fibre 150 (GFast-OR),2718
78595457c0e13f4b46fab7892ee8c7270726b70d4b0b03413be5df9b4f6bc789,2023-12-01,06 OOC,0,0,666,FTTC,40,33.2253984375,Partners,Faster Fibre,1214
ca0287834bcfb91017d8a43edaed26498daa4ca061bf29d897073e3eb751e171,2023-07-01,05 Newly OOC,0,0,25,FTTC,65,57.74480078125,Online - Search,Fibre 65 (FTTC-OR),1004
fe06ba4e6270757c21ab21aa0770d77d60ffc371df42b8c00ac37da159747194,2022-10-01,02 In Contract,0,0,-158,FTTC,35,34.92433203125,Retail,Fibre 35 (FTTC-OR),2052
2df91c630bc8d3482fe6b26130ae5d94820effac70251096029fdff42b6dfc62,2022-08-01,02 In Contract,0,0,-321,FTTC,65,7.89558349609375,Online - Affiliate,Fibre 65 (FTTC-OR),780
95837c5069ff9a48addb1c5fdcdf64c31cc2330aa028c8df49255e3232501349,2022-10-01,03 Soon to be OOC,0,0,-34,FTTC,65,59.41022265625,Online - Affiliate,Fibre 65 (FTTC-OR),1677
b8f4fb33be9fe204b9de079931dc398e3ba6af441d556ca950e28ed672f5708d,2024-03-01,06 OOC,0,0,442,FTTC,35,39.999,Retail,Fibre 35 (FTTC-OR),2809
2df91c630bc8d3482fe6b26130ae5d94820effac70251096029fdff42b6dfc62,2022-09-01,02 In Contract,0,0,-290,FTTC,65,31.110666015625,Online - Affiliate,Fibre 65 (FTTC-OR),811
065ef94f96807115ebe0aa89ab064cdc404e0734f161842190825b8d042a30ac,2023-11-01,02 In Contract,0,0,-360,FTTC,35,39.008,Online - Affiliate,Fibre 35 (FTTC-OR),933
065ef94f96807115ebe0aa89ab064cdc404e0734f161842190825b8d042a30ac,2024-02-01,02 In Contract,0,0,-268,FTTC,35,39.98,Online - Affiliate,Fibre 35 (FTTC-OR),1025
2f55b115e4d8a071a213d3fc49002528b2f92229c554aa603415547793b3e4bc,2024-05-01,02 In Contract,0,0,-465,FTTC,65,59.999,Migrated Customer,Fibre 65 (FTTC-OR),6225
0f8f757ae2c733fb28a0fd99e3b762125810c0ce3b8e7f416708513b353741fe,2022-11-01,06 OOC,0,0,896,FTTC,40,39.968,Migrated Customer,Faster Fibre,5753
e1e81a5cc9d06bed409119e9ecef243c56315d5271a97ce36fc22149d37a0acf,2024-01-01,06 OOC,0,0,914,FTTC,40,39.997,Unknown,Faster Fibre,1460
3943ca4638ef87bc2ecc86c27775159b6e86d9f79d07a0c998b016249ba07655,2023-12-01,02 In Contract,0,0,-536,FTTC,35,39.997,Migrated Customer,Fibre 35 (FTTC-OR),3215
a068f22c6b859a8a67c7d763845d23ebe74206212d41367402e3255acd74ac36,2023-11-01,06 OOC,0,0,1776,FTTC,35,11.86,Unknown,Fibre 35 (FTTC-OR),3612
70ffb6de9a95ee691a6d33d0bbc15461b0110d2de0ed2b6f762623fcd28f4f86,2024-08-01,02 In Contract,0,0,-123,GFAST,150,160.1654375,Online - Ambient,Fibre 150 (GFast-OR),3023
1deb0ee2e943da6c2640092dc4ad5f3abc6a9417af9da7d5c7eef385248baf84,2022-08-01,04 Coming OOC,0,0,-23,FTTC,65,79.999,Online - Affiliate,Fibre 65 (FTTC-OR),1126
095d5f0adc982fee764c35bb8f6752af4d432296c3a504fe159e7221758c9a93,2024-04-01,01 Early Contract,0,0,-501,FTTC,35,27.252083984375,Online - Search,Fibre 35 (FTTC-OR),587
6472a9da95a49abb30c83a833d4facbebbcd6657aa11d443d8fa3cd0365b5739,2023-07-01,02 In Contract,0,0,-436,FTTC,35,34.998,Online - Affiliate,Fibre 35 (FTTC-OR),1013
8f676110ebcb784b3874a951104b7118bed193ef8e2c637aac8c565ac823abef,2022-10-01,02 In Contract,0,0,-376,FTTC,65,58.69166796875,Partners,Fibre 65 (FTTC-OR),171
065ef94f96807115ebe0aa89ab064cdc404e0734f161842190825b8d042a30ac,2023-06-01,02 In Contract,0,0,-513,FTTC,35,33.99375,Online - Affiliate,Fibre 35 (FTTC-OR),780
78595457c0e13f4b46fab7892ee8c7270726b70d4b0b03413be5df9b4f6bc789,2024-01-01,06 OOC,0,0,697,FTTC,40,39.997,Partners,Faster Fibre,1245
65cac803e3a66e335d6a72614d8d35eec87893de171c370be475f23085f06f5e,2023-09-01,02 In Contract,0,0,-396,GFAST,150,160.131,Inbound,Fibre 150 (GFast-OR),1485
ca0287834bcfb91017d8a43edaed26498daa4ca061bf29d897073e3eb751e171,2024-04-01,02 In Contract,0,0,-483,FTTC,65,64.227,Online - Search,Fibre 65 (FTTC-OR),1279
6472a9da95a49abb30c83a833d4facbebbcd6657aa11d443d8fa3cd0365b5739,2023-11-01,02 In Contract,0,0,-313,FTTC,35,34.998,Online - Affiliate,Fibre 35 (FTTC-OR),1136
84e598cdfb9f0b163158f461ff7d52e027b9a8a898707de036dffdaec647bbb2,2022-11-01,06 OOC,0,0,255,FTTC,40,39.997,Migrated Customer,Faster Fibre,5576
83cc2e032ef2ef9184621674d8120442c65b8b3c87f43cc85f94cf7cfcae397e,2023-02-01,03 Soon to be OOC,0,0,-65,FTTC,65,27.396,Unknown,Fibre 65 (FTTC-OR),4577
c509aad6caea2efa86075c5b8c4888d77ca0f6fcd30f94a375684d654a3adce4,2023-04-01,06 OOC,0,0,261,MPF,18,0.0,Migrated Customer,Fast Broadband,5863
eca84e5bd4f4eb9a693f483ad98c24af59a61de9cab23fdc75bccd34c511407f,2024-05-01,02 In Contract,0,0,-128,FTTC,65,79.999,Online - Search,Fibre 65 (FTTC-OR),1560
1deb0ee2e943da6c2640092dc4ad5f3abc6a9417af9da7d5c7eef385248baf84,2023-02-01,02 In Contract,0,0,-387,FTTC,65,74.0,Online - Affiliate,Fibre 65 (FTTC-OR),1310
0b9177d8570746e7f3c6f5a70a312fd2108d236caacc25c365a82fc6fe2b7b06,2024-08-01,06 OOC,0,0,181,FTTC,65,53.859,Online - Affiliate,Fibre 65 (FTTC-OR),1246
836edb40f715fc636480bc0648dfb85d05eb24848c8170a41df24d3270537b8a,2023-11-01,02 In Contract,0,0,-484,FTTC,65,79.999,Migrated Customer,Fibre 65 (FTTC-OR),5705
095d5f0adc982fee764c35bb8f6752af4d432296c3a504fe159e7221758c9a93,2023-06-01,02 In Contract,0,0,-266,FTTC,35,38.851890625,Online - Search,Fibre 35 (FTTC-OR),282
860b8b97a66b474c7fe9a761ab79e33131aa628e6d953cda2629957b1ebe5b37,2023-06-01,01 Early Contract,0,0,-722,FTTC,65,34.999,Unknown,Fibre 65 (FTTC-OR),4340
0f8f757ae2c733fb28a0fd99e3b762125810c0ce3b8e7f416708513b353741fe,2024-05-01,06 OOC,0,0,1443,FTTC,40,39.999,Migrated Customer,Faster Fibre,6300
65cac803e3a66e335d6a72614d8d35eec87893de171c370be475f23085f06f5e,2023-07-01,01 Early Contract,0,0,-458,GFAST,150,126.809703125,Inbound,Fibre 150 (GFast-OR),1423
065ef94f96807115ebe0aa89ab064cdc404e0734f161842190825b8d042a30ac,2023-09-01,02 In Contract,0,0,-421,FTTC,35,34.96680078125,Online - Affiliate,Fibre 35 (FTTC-OR),872
2df91c630bc8d3482fe6b26130ae5d94820effac70251096029fdff42b6dfc62,2024-09-01,02 In Contract,1,0,-269,FTTC,65,58.28781640625,Online - Affiliate,Fibre 65 (FTTC-OR),1542
eb89d4d3324cf1653509e450a3da9f8a9cfbe2b376ad5c7f40857c86e5c4c2e7,2023-05-01,02 In Contract,0,0,-304,FTTC,65,30.990181640625,Online - Search,Fibre 65 (FTTC-OR),242
98890cd1dab71729707c03ed024528f8298fd368b3de09f9ed6b1e5e5b5aac95,2024-01-01,06 OOC,0,0,570,FTTC,65,0.0,Inbound,Fibre 65 (FTTC-OR),3935
75b1217140bb8ddc6bb3458315e10f58dcb4e7841517bb32b8bca149a1b832a6,2023-07-01,06 OOC,0,0,569,GFAST,150,137.729703125,Online - Affiliate,Fibre 150 (GFast-OR),1116
a068f22c6b859a8a67c7d763845d23ebe74206212d41367402e3255acd74ac36,2024-02-01,06 OOC,0,0,1868,FTTC,35,11.849,Unknown,Fibre 35 (FTTC-OR),3704
98890cd1dab71729707c03ed024528f8298fd368b3de09f9ed6b1e5e5b5aac95,2023-01-01,06 OOC,0,0,205,FTTC,65,0.0,Inbound,Fibre 65 (FTTC-OR),3570
860b8b97a66b474c7fe9a761ab79e33131aa628e6d953cda2629957b1ebe5b37,2023-10-01,02 In Contract,0,0,-600,FTTC,65,39.999,Unknown,Fibre 65 (FTTC-OR),4462
5b19356380bf12894575ae0957c53370c235a7e524c28766875f00620e8f9cba,2023-02-01,06 OOC,0,0,744,FTTC,40,34.996,Migrated Customer,Faster Fibre,5788
5b19356380bf12894575ae0957c53370c235a7e524c28766875f00620e8f9cba,2022-11-01,06 OOC,0,0,652,FTTC,40,34.996,Migrated Customer,Faster Fibre,5696
860b8b97a66b474c7fe9a761ab79e33131aa628e6d953cda2629957b1ebe5b37,2023-11-01,02 In Contract,0,0,-569,FTTC,65,34.999,Unknown,Fibre 65 (FTTC-OR),4493
6472a9da95a49abb30c83a833d4facbebbcd6657aa11d443d8fa3cd0365b5739,2024-05-01,01 Early Contract,0,0,-652,FTTC,35,32.399,Online - Affiliate,Fibre 35 (FTTC-OR),1318
c509aad6caea2efa86075c5b8c4888d77ca0f6fcd30f94a375684d654a3adce4,2022-11-01,06 OOC,0,0,110,MPF,18,0.0,Migrated Customer,Fast Broadband,5712
df8ec98f954cca4bd90fdfe8944a4b086c3cb3d31f6f29b8b08501c4c29a334e,2022-10-01,06 OOC,0,0,111,FTTC,35,0.0,Online - Affiliate,Fibre 35 (FTTC-OR),1212
413181d0680c5b6ff1a1e00196dc8f24ffec47714f0b55e6395bd234bd8d14aa,2023-08-01,02 In Contract,0,0,-345,FTTC,65,68.646,Online - Affiliate,Fibre 65 (FTTC-OR),732
b8f4fb33be9fe204b9de079931dc398e3ba6af441d556ca950e28ed672f5708d,2024-04-01,06 OOC,1,1,473,FTTC,35,39.999,Retail,Fibre 35 (FTTC-OR),2840
f4d467c6ec8f49892a41fd3e0b5fae1e395603e5c5c2be7b25f081000a48b482,2024-05-01,06 OOC,0,0,3868,FTTC,35,39.999,Migrated Customer,Fibre 35 (FTTC-OR),5292
43c5c5f2592ca40f05fc2cb5732ba8522be99ca2b9d4bfc8268b2aa303b708cb,2023-11-01,02 In Contract,0,0,-155,FTTC,65,70.867,Migrated Customer,Fibre 65 (FTTC-OR),4906
f4d467c6ec8f49892a41fd3e0b5fae1e395603e5c5c2be7b25f081000a48b482,2024-08-01,06 OOC,0,0,3960,FTTC,35,39.999,Migrated Customer,Fibre 35 (FTTC-OR),5384
e1e81a5cc9d06bed409119e9ecef243c56315d5271a97ce36fc22149d37a0acf,2023-06-01,06 OOC,0,0,700,FTTC,40,39.996890625,Unknown,Faster Fibre,1246
c509aad6caea2efa86075c5b8c4888d77ca0f6fcd30f94a375684d654a3adce4,2022-12-01,06 OOC,0,0,140,MPF,18,0.0,Migrated Customer,Fast Broadband,5742
095d5f0adc982fee764c35bb8f6752af4d432296c3a504fe159e7221758c9a93,2023-05-01,02 In Contract,0,0,-297,FTTC,35,40.0,Online - Search,Fibre 35 (FTTC-OR),251
f8f0c4a31b3b3280f60e792f8022a704a9c0588f179f84cdafee8ef2e32d15f2,2022-10-01,02 In Contract,0,0,-324,GFAST,150,80.1034453125,Online - Affiliate,Fibre 150 (GFast-OR),1493
d34f586fd9e7d0c9163447865fe3d151340d92694d870602c8954a2c1dfb8a24,2022-11-01,02 In Contract,0,0,-157,FTTC,65,79.999,Online - Search,Fibre 65 (FTTC-OR),572
83cc2e032ef2ef9184621674d8120442c65b8b3c87f43cc85f94cf7cfcae397e,2024-04-01,02 In Contract,0,0,-176,FTTC,65,27.399,Unknown,Fibre 65 (FTTC-OR),5002
6472a9da95a49abb30c83a833d4facbebbcd6657aa11d443d8fa3cd0365b5739,2024-01-01,02 In Contract,0,0,-252,FTTC,35,34.99876953125,Online - Affiliate,Fibre 35 (FTTC-OR),1197
75b1217140bb8ddc6bb3458315e10f58dcb4e7841517bb32b8bca149a1b832a6,2023-04-01,06 OOC,0,0,478,GFAST,150,136.330625,Online - Affiliate,Fibre 150 (GFast-OR),1025
e1e81a5cc9d06bed409119e9ecef243c56315d5271a97ce36fc22149d37a0acf,2024-03-01,06 OOC,0,0,974,FTTC,40,39.997,Unknown,Faster Fibre,1520
0b9177d8570746e7f3c6f5a70a312fd2108d236caacc25c365a82fc6fe2b7b06,2023-11-01,02 In Contract,0,0,-93,FTTC,65,53.183,Online - Affiliate,Fibre 65 (FTTC-OR),972
f8f0c4a31b3b3280f60e792f8022a704a9c0588f179f84cdafee8ef2e32d15f2,2023-04-01,02 In Contract,0,0,-142,GFAST,150,90.81575,Online - Affiliate,Fibre 150 (GFast-OR),1675
e1e81a5cc9d06bed409119e9ecef243c56315d5271a97ce36fc22149d37a0acf,2023-09-01,06 OOC,0,0,792,FTTC,40,40.0,Unknown,Faster Fibre,1338
eb89d4d3324cf1653509e450a3da9f8a9cfbe2b376ad5c7f40857c86e5c4c2e7,2023-11-01,02 In Contract,0,0,-120,FTTC,65,48.999,Online - Search,Fibre 65 (FTTC-OR),426
ca0287834bcfb91017d8a43edaed26498daa4ca061bf29d897073e3eb751e171,2023-08-01,01 Early Contract,0,0,-727,FTTC,65,64.535,Online - Search,Fibre 65 (FTTC-OR),1035
